,Kinase,Target,Position,Residue
0,PKC,K2C8_HUMAN,9,S
1,PRKCE,K2C8_HUMAN,9,S
2,PKC,K2C8_HUMAN,24,S
3,PRKCE,K2C8_HUMAN,24,S
4,MAPK,K2C8_HUMAN,74,S
5,CaMK2 ,K2C8_HUMAN,432,S
6,MAPK,K2C8_HUMAN,432,S
7,CDK1,K1C18_HUMAN,34,S
8,MAPKAPK2 ,K1C18_HUMAN,51,S
9,MAPKAPK3,K1C18_HUMAN,51,S
10,CAMK,K1C18_HUMAN,53,S
11,PKC,K1C18_HUMAN,53,S
12,PRKCE ,K1C18_HUMAN,53,S
13,AURKA,K1C18_HUMAN,53,S
14,PLK1 ,NPM_HUMAN,4,S
15,PLK2,NPM_HUMAN,4,S
16,CDK2,NPM_HUMAN,125,S
17,CDK1,NPM_HUMAN,199,T
18,CDK2 ,NPM_HUMAN,199,T
19,CDK6,NPM_HUMAN,199,T
20,CDK1,NPM_HUMAN,219,T
21,CDK1,NPM_HUMAN,234,T
22,CDK1,NPM_HUMAN,237,T
25,ATM ,TIF1B_HUMAN,824,S
26,ATR ,TIF1B_HUMAN,824,S
27,dsDNA kinase,TIF1B_HUMAN,824,S
32,SRPK2 ,ACINU_HUMAN,1180,S
33,PKB,ACINU_HUMAN,1180,S
34,AKT1,ACINU_HUMAN,1180,S
35,EEF2K,EF2_HUMAN,57,T
36,CSK,EF2_HUMAN,265,Y
37,CSK,EF2_HUMAN,373,Y
39,CDK2,EF2_HUMAN,595,S
40,PKA ,VIME_HUMAN,7,S
41,PKC,VIME_HUMAN,7,S
43,PKC,VIME_HUMAN,9,S
44,PKC,VIME_HUMAN,10,S
45,PKC,VIME_HUMAN,34,S
47,CaMK2,VIME_HUMAN,39,S
48,PKA,VIME_HUMAN,39,S
49,PKC ,VIME_HUMAN,39,S
50,ROCK2,VIME_HUMAN,39,S
51,PKC,VIME_HUMAN,42,S
52,CDK5 ,VIME_HUMAN,56,S
53,CDK1,VIME_HUMAN,56,S
54,AURKB ,VIME_HUMAN,72,S
55,ROCK2,VIME_HUMAN,72,S
56,SRC,HS90B_HUMAN,301,Y
57,PLK2 ,HS90B_HUMAN,718,S
58,PLK3,HS90B_HUMAN,718,S
61,PRKDC,HS90A_HUMAN,5,T
62,PRKDC,HS90A_HUMAN,7,T
63,CDK1,PLEC_HUMAN,4539,T
64,ATM,MDC1_HUMAN,4,T
65,CDK1,RB_HUMAN,249,S
66,CDK1,RB_HUMAN,252,T
67,CDK1,RB_HUMAN,373,T
68,CDK2,RB_HUMAN,567,S
69,CHEK2 ,RB_HUMAN,612,S
70,CHEK1,RB_HUMAN,612,S
71,CDK1 ,RB_HUMAN,807,S
72,CDK3,RB_HUMAN,807,S
74,CDK1 ,RB_HUMAN,811,S
75,CDK3,RB_HUMAN,811,S
76,CDK6,RB_HUMAN,821,T
77,CDK4,RB_HUMAN,826,T
81,PKC,IF4G1_HUMAN,1185,S
82,PRKCA,IF4G1_HUMAN,1185,S
89,NUAK1,MYPT1_HUMAN,445,S
90,NUAK1,MYPT1_HUMAN,472,S
91,CDK1,MYPT1_HUMAN,473,S
92,PKA ,MYPT1_HUMAN,692,S
93,PKG,MYPT1_HUMAN,692,S
95,PKA ,MYPT1_HUMAN,695,S
96,PKG,MYPT1_HUMAN,695,S
98,ROCK1,MYPT1_HUMAN,696,T
99,ROCK2,MYPT1_HUMAN,696,T
100,CDC42BP,MYPT1_HUMAN,696,T
101,ZIPK,MYPT1_HUMAN,696,T
102,DAPK3 ,MYPT1_HUMAN,696,T
103,RAF1,MYPT1_HUMAN,696,T
104,ROCK2,MYPT1_HUMAN,852,S
105,NUAK1,MYPT1_HUMAN,910,S
106,RPS6KA1 ,IF4B_HUMAN,422,S
107,RPS6KB1,IF4B_HUMAN,422,S
110,PLK2,SI1L1_HUMAN,1326,S
111,PLK2,SI1L1_HUMAN,1330,T
112,CDK5,SI1L1_HUMAN,1349,S
113,CK1,CXA1_HUMAN,325,S
114,CK1,CXA1_HUMAN,328,S
115,CK1,CXA1_HUMAN,330,S
116,PKC,CXA1_HUMAN,368,S
117,PRKCG ,CXA1_HUMAN,368,S
118,PKC,CXA1_HUMAN,368,S
119,PRKCD,CXA1_HUMAN,368,S
120,PLK1,HNRPU_HUMAN,59,S
121,PLK1,NUMA1_HUMAN,1047,T
122,PLK1,NUMA1_HUMAN,1769,S
123,PLK1,NUMA1_HUMAN,1772,S
124,PLK1,NUMA1_HUMAN,1789,S
125,PLK1,NUMA1_HUMAN,1834,S
126,CDK1,NUMA1_HUMAN,2015,T
127,CDK1,NUMA1_HUMAN,2055,T
128,CDK1,NUMA1_HUMAN,2087,S
129,CDK1,NUMA1_HUMAN,2106,T
130,FAM20C,PDIA1_HUMAN,357,S
133,CDC7,MCM2_HUMAN,40,S
134,CDC7,MCM2_HUMAN,53,S
135,ATR,MCM2_HUMAN,108,S
136,SRC,SRC8_HUMAN,421,Y
137,FAK1,SRC8_HUMAN,470,Y
138,SRC,SRC8_HUMAN,486,Y
139,SRC,SRC8_HUMAN,489,Y
140,CK2,EF1D_HUMAN,162,S
141,AURKB ,INCE_HUMAN,892,T
142,AURKC,INCE_HUMAN,892,T
143,AURKB ,INCE_HUMAN,893,S
144,AURKC,INCE_HUMAN,893,S
145,AURKB ,INCE_HUMAN,894,S
146,AURKC,INCE_HUMAN,894,S
147,INSR,IRS2_HUMAN,540,Y
148,INSR,IRS2_HUMAN,653,Y
149,INSR,IRS2_HUMAN,675,Y
150,INSR,IRS2_HUMAN,919,Y
151,INSR,IRS2_HUMAN,978,Y
152,INSR,IRS2_HUMAN,1253,Y
153,MKNK2,ROA1_HUMAN,192,S
154,MKNK2,ROA1_HUMAN,362,S
155,MKNK2,ROA1_HUMAN,363,S
156,MKNK2,ROA1_HUMAN,364,S
157,LATS1 ,YAP1_HUMAN,61,S
158,LATS2,YAP1_HUMAN,61,S
159,LATS1 ,YAP1_HUMAN,109,S
160,LATS2,YAP1_HUMAN,109,S
161,MAPK8 ,YAP1_HUMAN,119,T
162,MAPK9,YAP1_HUMAN,119,T
163,LATS1 ,YAP1_HUMAN,127,S
164,LATS2,YAP1_HUMAN,127,S
165,MAPK8 ,YAP1_HUMAN,138,S
166,MAPK9,YAP1_HUMAN,138,S
167,MAPK8 ,YAP1_HUMAN,154,T
168,MAPK9,YAP1_HUMAN,154,T
169,LATS1 ,YAP1_HUMAN,164,S
170,LATS2,YAP1_HUMAN,164,S
171,MAPK8 ,YAP1_HUMAN,367,S
172,MAPK9,YAP1_HUMAN,367,S
173,LATS1 ,YAP1_HUMAN,397,S
174,LATS2,YAP1_HUMAN,397,S
175,CK1,YAP1_HUMAN,400,S
176,CK1,YAP1_HUMAN,403,S
177,ABL1,YAP1_HUMAN,407,Y
178,MAPK8 ,YAP1_HUMAN,412,T
179,MAPK9,YAP1_HUMAN,412,T
180,MTOR,4EBP1_HUMAN,37,T
181,MTOR,4EBP1_HUMAN,46,T
182,DYRK2,4EBP1_HUMAN,65,S
183,MAPK1,4EBP1_HUMAN,65,S
184,MAPK3 ,4EBP1_HUMAN,65,S
185,MTOR,4EBP1_HUMAN,65,S
186,MTOR,4EBP1_HUMAN,70,T
187,DYRK2,4EBP1_HUMAN,101,S
188,MAPK3,CALX_HUMAN,564,S
189,FYN,CTND1_HUMAN,112,Y
190,PAK5,CTND1_HUMAN,288,S
191,ULK1 ,SQSTM_HUMAN,403,S
192,TBK1,SQSTM_HUMAN,403,S
193,PAK4,ARHG2_HUMAN,143,S
194,MAPK1 or MAPK3,ARHG2_HUMAN,679,T
195,PAK1 ,ARHG2_HUMAN,886,S
196,AURKA,ARHG2_HUMAN,886,S
197,PAK4,ARHG2_HUMAN,896,S
198,FYN,DPYL2_HUMAN,32,Y
199,GSK3-beta,DPYL2_HUMAN,514,T
200,DYRK2,DPYL2_HUMAN,522,S
201,ROCK2,DPYL2_HUMAN,555,T
202,FAM20C,ENPL_HUMAN,306,S
203,PKR,ILF3_HUMAN,188,T
204,PKR,ILF3_HUMAN,315,T
205,ATM,MCM3_HUMAN,535,S
206,CDK1,STMN1_HUMAN,25,S
207,MAPK1 ,STMN1_HUMAN,25,S
208,MAPK3,STMN1_HUMAN,25,S
209,CDK1,STMN1_HUMAN,38,S
210,MAPK1 ,STMN1_HUMAN,38,S
211,MAPK3,STMN1_HUMAN,38,S
212,PKA,STMN1_HUMAN,63,S
213,AURKA,PARD3_HUMAN,962,S
214,PTK6,PAXI_HUMAN,31,Y
215,PTK6,PAXI_HUMAN,118,Y
216,CDK5,PAXI_HUMAN,244,S
217,SLK,PAXI_HUMAN,250,S
219,CK1,TOP2A_HUMAN,1106,S
220,PLK3,TOP2A_HUMAN,1343,T
221,CK2,TOP2A_HUMAN,1469,S
222,CK2,ABCF1_HUMAN,109,S
223,CK2,ABCF1_HUMAN,140,S
224,BTK,GTF2I_HUMAN,248,Y
225,BTK,GTF2I_HUMAN,398,Y
226,PKG,GTF2I_HUMAN,412,S
227,PRKG1,GTF2I_HUMAN,412,S
228,BTK,GTF2I_HUMAN,503,Y
229,PKG,GTF2I_HUMAN,784,S
230,PRKG1,GTF2I_HUMAN,784,S
231,FAM20C,ALBU_HUMAN,29,S
232,FAM20C,ALBU_HUMAN,82,S
233,FAM20C,ALBU_HUMAN,89,S
234,FAM20C,ALBU_HUMAN,107,T
235,CK2,LA_HUMAN,366,S
236,PKA,ADDA_HUMAN,59,S
237,PKA,ADDA_HUMAN,408,S
238,PKA,ADDA_HUMAN,436,S
239,ROCK2,ADDA_HUMAN,445,T
240,ROCK2,ADDA_HUMAN,480,T
241,PKA,ADDA_HUMAN,481,S
242,PKC,ADDA_HUMAN,716,S
243,PKA ,ADDA_HUMAN,726,S
244,PKC,ADDA_HUMAN,726,S
245,PKC,MARCS_HUMAN,159,S
246,PKC,MARCS_HUMAN,163,S
247,PKC,MARCS_HUMAN,167,S
248,PKC,MARCS_HUMAN,170,S
249,HIPK2,PML_HUMAN,8,S
250,HIPK2 ,PML_HUMAN,36,S
251,MAPK1,PML_HUMAN,36,S
252,HIPK2 ,PML_HUMAN,38,S
253,MAPK1,PML_HUMAN,38,S
254,CHEK2,PML_HUMAN,117,S
255,MAPK1 ,PML_HUMAN,403,S
256,MAPK7,PML_HUMAN,403,S
257,MAPK1,PML_HUMAN,505,S
258,CDK1 ,PML_HUMAN,518,S
259,CDK2,PML_HUMAN,518,S
260,MAPK1,PML_HUMAN,527,S
261,MAPK1,PML_HUMAN,530,S
262,CK2,PML_HUMAN,565,S
263,CK2,KMT2A_HUMAN,136,S
264,CK2,KMT2A_HUMAN,142,S
265,PKC,LEUK_HUMAN,355,S
266,PRKCQ,LEUK_HUMAN,355,S
267,GSK3-beta,ZCCHV_HUMAN,257,S
268,GSK3-beta,ZCCHV_HUMAN,263,S
269,GSK3-beta,ZCCHV_HUMAN,267,S
270,GSK3-beta,ZCCHV_HUMAN,271,S
278,TGFBR1,EF1A1_HUMAN,300,S
280,PASK,EF1A1_HUMAN,432,T
281,MAPKAPK2 ,HSPB1_HUMAN,15,S
282,MAPKAPK3,HSPB1_HUMAN,15,S
283,MAPKAPK2,HSPB1_HUMAN,78,S
284,MAPKAPK3 ,HSPB1_HUMAN,78,S
285,MAPKAPK5,HSPB1_HUMAN,78,S
286,MAPKAPK2,HSPB1_HUMAN,82,S
287,MAPKAPK3 ,HSPB1_HUMAN,82,S
288,MAPKAPK5,HSPB1_HUMAN,82,S
289,CK2,IRS1_HUMAN,99,S
290,RPS6KB1,IRS1_HUMAN,270,S
291,RPS6KB1,IRS1_HUMAN,307,S
292,IKKB,IRS1_HUMAN,312,S
293,MAPK8 ,IRS1_HUMAN,312,S
294,RPS6KB1,IRS1_HUMAN,312,S
295,INSR,IRS1_HUMAN,465,Y
296,RPS6KB1,IRS1_HUMAN,527,S
297,INSR,IRS1_HUMAN,612,Y
298,INSR,IRS1_HUMAN,632,Y
299,RPS6KB1,IRS1_HUMAN,636,S
300,AMPK ,IRS1_HUMAN,794,S
301,SIK2,IRS1_HUMAN,794,S
302,INSR,IRS1_HUMAN,896,Y
303,INSR,IRS1_HUMAN,941,Y
304,INSR,IRS1_HUMAN,989,Y
305,RPS6KB1 ,IRS1_HUMAN,1101,S
306,PKC,IRS1_HUMAN,1101,S
307,PRKCQ,IRS1_HUMAN,1101,S
308,INSR,IRS1_HUMAN,1179,Y
309,INSR,IRS1_HUMAN,1229,Y
310,MAPKAPK2,LSP1_HUMAN,252,S
311,CDK5,SYEP_HUMAN,886,S
312,RPS6KB1,SYEP_HUMAN,999,S
322,PKA,41_HUMAN,341,S
323,CDK1,41_HUMAN,60,T
324,EGFR,41_HUMAN,660,Y
325,CDK1,41_HUMAN,712,S
429,PKA,ENAH_HUMAN,265,S
430,CK2,FKBP4_HUMAN,143,T
431,RAF,MYC_HUMAN,8,T
433,GSK3,MYC_HUMAN,58,T
435,DYRK2,MYC_HUMAN,62,S
436,GSK3 ,MYC_HUMAN,62,S
437,CDK2,MYC_HUMAN,62,S
444,PIM2,MYC_HUMAN,329,S
449,PRKDC,XRCC1_HUMAN,371,S
450,PKB,YBOX1_HUMAN,102,S
451,AKT1,YBOX1_HUMAN,102,S
452,PKB,C2CD5_HUMAN,197,S
453,AKT2,C2CD5_HUMAN,197,S
454,CDK1 ,DTL_HUMAN,464,T
455,CDK2,DTL_HUMAN,464,T
456,MKNK2,SFPQ_HUMAN,8,S
457,MKNK2,SFPQ_HUMAN,283,S
458,ALK,SFPQ_HUMAN,293,Y
459,LKB1,SIK3_HUMAN,221,T
460,PKB,TBCD4_HUMAN,318,S
461,AKT1,TBCD4_HUMAN,318,S
462,PKB,TBCD4_HUMAN,588,S
463,AKT1,TBCD4_HUMAN,588,S
464,PKB,TBCD4_HUMAN,642,T
465,AKT1,TBCD4_HUMAN,642,T
466,PKB,TBCD4_HUMAN,751,S
467,AKT1,TBCD4_HUMAN,751,S
468,HCK,BCR_HUMAN,177,Y
469,FES,BCR_HUMAN,246,Y
470,CDK2,RBL1_HUMAN,332,T
471,CDK4,RBL1_HUMAN,369,T
472,CDK2,RBL1_HUMAN,385,T
473,CDK2 ,RBL1_HUMAN,640,S
474,CDK4,RBL1_HUMAN,640,S
475,CDK2,RBL1_HUMAN,762,S
476,CDK2 ,RBL1_HUMAN,964,S
477,CDK4,RBL1_HUMAN,964,S
478,CDK2 ,RBL1_HUMAN,975,S
479,CDK4,RBL1_HUMAN,975,S
480,CDK2,RBL1_HUMAN,988,S
481,CDK2,RBL1_HUMAN,997,T
482,CDK2,RBL1_HUMAN,1009,S
483,PKC,RS3_HUMAN,6,S
484,PRKCD,RS3_HUMAN,6,S
485,MAPK,RS3_HUMAN,42,T
489,PKB,RS3_HUMAN,70,T
490,IKKB,RS3_HUMAN,209,S
491,CDK1 ,RS3_HUMAN,221,T
492,PKC,RS3_HUMAN,221,T
493,PRKCD,RS3_HUMAN,221,T
498,MTOR,4EBP2_HUMAN,37,T
499,MTOR,4EBP2_HUMAN,46,T
500,MTOR,4EBP2_HUMAN,65,S
501,MTOR,4EBP2_HUMAN,70,T
503,PKB,DNMT1_HUMAN,143,S
504,AKT1,DNMT1_HUMAN,143,S
506,HIPK2 ,HMGA1_HUMAN,36,S
507,CDC2,HMGA1_HUMAN,36,S
508,HIPK2 ,HMGA1_HUMAN,53,T
509,CDC2,HMGA1_HUMAN,53,T
518,HIPK2 ,HMGA1_HUMAN,78,T
519,CDC2,HMGA1_HUMAN,78,T
520,CK,HMGA1_HUMAN,102,S
521,CK,HMGA1_HUMAN,103,S
522,PKB ,PAK1_HUMAN,21,S
525,OXSR1,PAK1_HUMAN,84,T
526,JAK2,PAK1_HUMAN,153,Y
528,JAK2,PAK1_HUMAN,201,Y
529,JAK2,PAK1_HUMAN,285,Y
531,BRSK2 ,PAK1_HUMAN,423,T
532,PDPK1,PAK1_HUMAN,423,T
533,ROCK1,PROF1_HUMAN,138,S
534,HIPK2,RUNX1_HUMAN,249,S
535,HIPK2,RUNX1_HUMAN,273,T
536,HIPK2,RUNX1_HUMAN,276,S
537,PKA,ADDB_HUMAN,55,T
538,PKC,ADDB_HUMAN,703,S
539,PKA ,ADDB_HUMAN,713,S
540,PKC,ADDB_HUMAN,713,S
541,PKA,ATN1_HUMAN,943,S
542,MAPK8,ATN1_HUMAN,739,S
544,NRK,COF1_HUMAN,3,S
545,PKB,GRDN_HUMAN,1417,S
546,AKT1,GRDN_HUMAN,1417,S
550,SRC,KPCD_HUMAN,334,Y
552,LKB1,MARK3_HUMAN,211,T
553,PKC,MARK3_HUMAN,564,T
554,PRKCZ,MARK3_HUMAN,564,T
555,MAPK1 or MAPK3,MED1_HUMAN,1032,T
556,MAPK1 or MAPK3,MED1_HUMAN,1457,T
557,MARK1,MTAP2_HUMAN,1679,S
558,PKC,PA2G4_HUMAN,361,S
559,PRKCD,PA2G4_HUMAN,361,S
560,MAPK,PRDX6_HUMAN,177,T
561,MAPK1,PYR1_HUMAN,456,T
562,PKA,PYR1_HUMAN,1406,S
563,RPS6KB1 ,PYR1_HUMAN,1859,S
564,PKA,PYR1_HUMAN,1859,S
565,PKC,PYR1_HUMAN,1873,S
567,AURKA,TACC3_HUMAN,558,S
568,PKA ,1433Z_HUMAN,58,S
569,PKB,1433Z_HUMAN,58,S
570,AKT1,1433Z_HUMAN,58,S
571,MAPK8,1433Z_HUMAN,184,S
572,CK1,1433Z_HUMAN,232,T
577,EGFR,GSTP1_HUMAN,4,Y
578,EGFR,GSTP1_HUMAN,199,Y
586,PAK2,H4_HUMAN,48,S
587,PKC,H4_HUMAN,145,S
588,PRKCA,H4_HUMAN,145,S
589,PKC,H4_HUMAN,164,S
590,PRKCA,H4_HUMAN,164,S
594,PKC,H4_HUMAN,456,T
595,PRKCZ,H4_HUMAN,456,T
596,CaMK4,HNRPL_HUMAN,544,S
597,ROCK2 ,MOES_HUMAN,558,T
598,STK10,MOES_HUMAN,558,T
601,RPS6KA1,RS6_HUMAN,235,S
602,RPS6KA3,RS6_HUMAN,235,S
603,DAPK1 ,RS6_HUMAN,235,S
604,PASK,RS6_HUMAN,235,S
605,RPS6KA1,RS6_HUMAN,236,S
606,RPS6KA3,RS6_HUMAN,236,S
607,DAPK1 ,RS6_HUMAN,236,S
608,PASK,RS6_HUMAN,236,S
609,FYN,TAU_HUMAN,18,Y
610,SGK1,TAU_HUMAN,214,S
611,PDPK1,TAU_HUMAN,470,T
612,PDPK1,TAU_HUMAN,498,T
613,TTBK1,TAU_HUMAN,514,Y
614,PDPK1 ,TAU_HUMAN,515,S
615,TTBK1,TAU_HUMAN,515,S
616,PDPK1 ,TAU_HUMAN,516,S
617,TTBK1,TAU_HUMAN,516,S
618,CK1,TAU_HUMAN,519,S
619,PDPK1 ,TAU_HUMAN,519,S
620,TTBK1,TAU_HUMAN,519,S
621,CK1 ,TAU_HUMAN,522,T
622,PDPK1,TAU_HUMAN,522,T
623,BRSK1,TAU_HUMAN,529,T
624,BRSK2,TAU_HUMAN,529,T
625,DYRK2 ,TAU_HUMAN,529,T
626,PDPK1,TAU_HUMAN,529,T
627,PKA,TAU_HUMAN,531,S
628,PDPK1,TAU_HUMAN,534,T
629,GSK3-beta ,TAU_HUMAN,548,T
630,PDPK1,TAU_HUMAN,548,T
631,PDPK1,TAU_HUMAN,552,S
632,PHK,TAU_HUMAN,554,S
633,MARK1,TAU_HUMAN,579,S
634,MARK2,TAU_HUMAN,579,S
635,MARK3,TAU_HUMAN,579,S
636,MARK4,TAU_HUMAN,579,S
637,BRSK1,TAU_HUMAN,579,S
638,BRSK2 ,TAU_HUMAN,579,S
639,PHK,TAU_HUMAN,579,S
640,PHK,TAU_HUMAN,602,S
641,PHK,TAU_HUMAN,622,S
642,PHK,TAU_HUMAN,669,S
643,CK1 ,TAU_HUMAN,713,S
644,PDPK1,TAU_HUMAN,713,S
645,CK1 ,TAU_HUMAN,721,S
646,PDPK1,TAU_HUMAN,721,S
647,CaMK2 ,TAU_HUMAN,733,S
648,TTBK1,TAU_HUMAN,733,S
649,PDPK1 ,TAU_HUMAN,739,S
650,TTBK1,TAU_HUMAN,739,S
651,TTBK1,TAU_HUMAN,744,T
652,LKB1 ,AAK1_HUMAN,183,T
653,CaMKK2,AAK1_HUMAN,183,T
654,ULK1,AAK1_HUMAN,360,S
655,ULK1,AAK1_HUMAN,368,T
656,MAPK8,CPZIP_HUMAN,68,S
658,MAPK8,CPZIP_HUMAN,83,S
660,MAPK12 ,CPZIP_HUMAN,108,S
661,MAPK13,CPZIP_HUMAN,108,S
662,MAPKAPK2 ,CPZIP_HUMAN,179,S
663,MAPKAPK3,CPZIP_HUMAN,179,S
664,MAPK8,CPZIP_HUMAN,216,S
666,MAPKAPK2 or MAPKAPK3,CPZIP_HUMAN,244,S
668,CK2,HDAC1_HUMAN,421,S
669,CK2,HDAC1_HUMAN,423,S
672,CaMK1,MARK2_HUMAN,91,S
673,CaMK1,MARK2_HUMAN,92,S
674,CaMK1,MARK2_HUMAN,93,S
675,LKB1 ,MARK2_HUMAN,208,T
676,TAOK1,MARK2_HUMAN,208,T
677,GSK3-beta,MARK2_HUMAN,212,S
680,CaMK1,MARK2_HUMAN,294,T
681,PKC,MARK2_HUMAN,596,T
682,PRKCZ,MARK2_HUMAN,596,T
683,UHMK1,MBP_HUMAN,299,S
684,CDK1,TBB2A_HUMAN,172,S
685,PKA ,ACLY_HUMAN,455,S
686,PKB,ACLY_HUMAN,455,S
687,AKT1 or PKB,ACLY_HUMAN,455,S
688,AKT2,ACLY_HUMAN,455,S
689,SYK,BCAP_HUMAN,419,Y
690,SYK,BCAP_HUMAN,444,Y
691,SYK,BCAP_HUMAN,459,Y
692,ABL1,BCAP_HUMAN,513,Y
693,ABL1,BCAP_HUMAN,553,Y
694,ABL1,BCAP_HUMAN,570,Y
695,ABL1,BCAP_HUMAN,594,Y
696,ABL1,BCAP_HUMAN,694,Y
697,LKB1,BRSK2_HUMAN,174,T
698,PKA,BRSK2_HUMAN,260,T
699,MAPK1,ERF_HUMAN,526,T
700,AMPK,GBF1_HUMAN,1337,T
701,ABL1,GBLP_HUMAN,52,Y
702,viral VacV B1 kinase,GBLP_HUMAN,276,S
703,viral VacV B1 kinase,GBLP_HUMAN,277,T
704,viral VacV B1 kinase,GBLP_HUMAN,278,S
705,viral VacV B1 kinase,GBLP_HUMAN,279,S
706,FAM20C,MIA3_HUMAN,226,S
707,FAM20C,MIA3_HUMAN,229,S
708,FAM20C,MIA3_HUMAN,1906,S
709,CK1,NCOA3_HUMAN,601,S
713,CK2,POGZ_HUMAN,1392,S
714,CK2,POGZ_HUMAN,1396,S
715,CDK1,PRDX1_HUMAN,90,T
716,CDK1,TBB5_HUMAN,172,S
717,CDK1,TBB5_HUMAN,172,S
720,PKA,BAD_HUMAN,99,S
721,PKB,BAD_HUMAN,99,S
722,PAK1,BAD_HUMAN,99,S
723,RPS6KA1,BAD_HUMAN,99,S
724,RPS6KB1 ,BAD_HUMAN,99,S
725,PKC,BAD_HUMAN,99,S
726,PRKCQ,BAD_HUMAN,99,S
727,PKB,BAD_HUMAN,99,S
728,AKT1,BAD_HUMAN,99,S
731,ATM,CCAR2_HUMAN,454,T
732,ATR ,CCAR2_HUMAN,454,T
733,CK2,CCAR2_HUMAN,454,T
734,PKA,CLIP1_HUMAN,312,S
735,CHEK1,CLSPN_HUMAN,916,T
736,MAPKAPK2,CP131_HUMAN,47,S
737,MAPKAPK2,CP131_HUMAN,78,S
741,IKKE,DDX3X_HUMAN,102,S
742,PDPK1,KS6A1_HUMAN,221,S
744,PDPK1,KS6B1_HUMAN,252,T
745,MTOR,KS6B1_HUMAN,412,T
746,NEK6 ,KS6B1_HUMAN,412,T
747,NEK7,KS6B1_HUMAN,412,T
748,AURKB,NSUN2_HUMAN,139,S
749,PKA,PHF2_HUMAN,1056,S
750,PDPK1,PKN1_HUMAN,774,T
751,MAPK1,RAF1_HUMAN,29,S
752,PKA ,RAF1_HUMAN,43,S
753,MAPK1,RAF1_HUMAN,43,S
754,PKA,RAF1_HUMAN,259,S
755,PKC ,RAF1_HUMAN,259,S
756,PKB,RAF1_HUMAN,259,S
757,AKT1,RAF1_HUMAN,259,S
759,PKA,RAF1_HUMAN,269,T
760,MAPK1,RAF1_HUMAN,289,S
761,MAPK1,RAF1_HUMAN,301,S
762,PAK1,RAF1_HUMAN,338,S
763,PAK2,RAF1_HUMAN,338,S
764,PAK3 ,RAF1_HUMAN,338,S
765,PAK5,RAF1_HUMAN,338,S
766,PAK1,RAF1_HUMAN,339,S
767,PAK2 ,RAF1_HUMAN,339,S
768,PAK3,RAF1_HUMAN,339,S
769,SRC,RAF1_HUMAN,340,Y
770,SRC,RAF1_HUMAN,341,Y
771,PKC,RAF1_HUMAN,499,S
773,MAPK1,RAF1_HUMAN,642,S
774,ABL1,RAPH1_HUMAN,426,Y
775,ABL1,RAPH1_HUMAN,456,Y
776,ABL1,RAPH1_HUMAN,1226,Y
796,CDK9,SPT5H_HUMAN,775,T
797,CDK9,SPT5H_HUMAN,784,T
798,CDK1,TBB3_HUMAN,172,S
799,CDK1,TBB4B_HUMAN,172,S
800,AMPK,ULK1_HUMAN,317,S
801,AMPK,ULK1_HUMAN,556,S
802,MTOR,ULK1_HUMAN,758,S
803,SRC-type Tyr-kinases,VINC_HUMAN,1133,Y
804,FAK1,ACTN1_HUMAN,12,Y
805,FGFR1,AMOL2_HUMAN,107,Y
806,SRC,ANXA2_HUMAN,24,Y
807,PKC,ANXA2_HUMAN,26,S
808,CDK7,CD11A_HUMAN,470,S
809,CDK7,CD11A_HUMAN,476,T
810,PKR,CDK1_HUMAN,4,Y
811,PKMYT1,CDK1_HUMAN,14,T
812,PKMYT1,CDK1_HUMAN,15,Y
813,WEE1,CDK1_HUMAN,15,Y
814,WEE2 ,CDK1_HUMAN,15,Y
815,PKC,CDK1_HUMAN,15,Y
816,PRKCD,CDK1_HUMAN,15,Y
817,CAK,CDK1_HUMAN,161,T
818,IKKE,CDK1_HUMAN,46,S
825,AMPK,CRTC2_HUMAN,171,S
826,MARK2,CRTC2_HUMAN,171,S
827,SIK1 ,CRTC2_HUMAN,171,S
828,SIK2,CRTC2_HUMAN,171,S
829,MARK2,CRTC2_HUMAN,274,S
830,PLK1,ERC6L_HUMAN,1063,T
831,MAPK14,ETV6_HUMAN,257,S
832,PKB,EZH2_HUMAN,21,S
833,AKT1,EZH2_HUMAN,21,S
834,CDK1 ,EZH2_HUMAN,345,T
835,CDK2,EZH2_HUMAN,345,T
846,MAPK8,SIR1_HUMAN,27,S
847,MAPK8,SIR1_HUMAN,47,S
848,DYRK1A,SIR1_HUMAN,530,T
849,DYRK3 ,SIR1_HUMAN,530,T
850,MAPK8,SIR1_HUMAN,530,T
851,CaMK2,SIR1_HUMAN,659,S
852,CaMK2,SIR1_HUMAN,661,S
853,DYRK1A,SRSF6_HUMAN,303,S
854,CDK1,TBB4A_HUMAN,172,S
858,PRKDC,XRCC6_HUMAN,6,S
859,PRKDC,XRCC6_HUMAN,51,S
860,GSK3,ZCHC8_HUMAN,492,T
861,CK2,CARD9_HUMAN,531,T
862,CK2,CARD9_HUMAN,533,T
863,INSR,CBL_HUMAN,371,Y
864,ABL1,CBL_HUMAN,700,Y
865,SRC,CBL_HUMAN,731,Y
866,CDK7,CD11B_HUMAN,482,S
867,CDK7,CD11B_HUMAN,488,T
868,SIK1 ,CRTC1_HUMAN,151,S
869,SIK2,CRTC1_HUMAN,151,S
870,GSK3,DPYL3_HUMAN,509,T
871,GSK3,DPYL3_HUMAN,514,T
872,GSK3,DPYL3_HUMAN,518,S
873,DYRK2,DPYL3_HUMAN,522,S
876,autocatalysis ,EF2K_HUMAN,78,S
877,TRPM7,EF2K_HUMAN,78,S
880,MAPK13 ,EF2K_HUMAN,359,S
881,CDK1,EF2K_HUMAN,359,S
883,RPS6KA1 ,EF2K_HUMAN,366,S
884,RPS6KB1,EF2K_HUMAN,366,S
885,AMPK,EF2K_HUMAN,398,S
889,PKA,EF2K_HUMAN,500,S
890,PKA,EMD_HUMAN,49,S
891,EGFR,EPS15_HUMAN,849,Y
892,FAM20C,GLU2B_HUMAN,24,S
893,PKC,GLU2B_HUMAN,89,S
894,FAM20C,GLU2B_HUMAN,168,S
895,PKC,GLU2B_HUMAN,383,S
896,PKC,GLU2B_HUMAN,390,S
897,PKC,GLU2B_HUMAN,434,S
898,PKB,HJURP_HUMAN,486,S
899,AKT1,HJURP_HUMAN,486,S
900,ATM,IPP2_HUMAN,44,S
901,GSK3,IPP2_HUMAN,73,T
902,PLK1,KAT7_HUMAN,57,S
903,CDK1,KAT7_HUMAN,85,T
904,CDK1,KAT7_HUMAN,88,T
906,CDK1,MISP_HUMAN,78,S
908,CDK1,MISP_HUMAN,164,T
910,CDK1,MISP_HUMAN,172,T
912,CDK1,MISP_HUMAN,214,S
914,CDK1,MISP_HUMAN,224,T
916,CDK1,MISP_HUMAN,284,S
918,CDK1,MISP_HUMAN,287,T
920,CDK1,MISP_HUMAN,377,T
922,CDK1,MISP_HUMAN,382,S
924,PLK1,MISP_HUMAN,394,S
926,PLK1,MISP_HUMAN,395,S
928,PLK1,MISP_HUMAN,397,S
930,PLK1,MISP_HUMAN,471,S
932,CDK1,MISP_HUMAN,575,S
934,PLK1,MISP_HUMAN,582,S
936,PLK1,MISP_HUMAN,586,S
938,FAM20C,OSTP_HUMAN,26,S
939,FAM20C,OSTP_HUMAN,27,S
940,FAM20C,OSTP_HUMAN,62,S
941,FAM20C,OSTP_HUMAN,63,S
942,FAM20C,OSTP_HUMAN,190,T
943,FAM20C,OSTP_HUMAN,191,S
944,FAM20C,OSTP_HUMAN,195,S
945,FAM20C,OSTP_HUMAN,215,S
946,FAM20C,OSTP_HUMAN,219,S
947,FAM20C,OSTP_HUMAN,224,S
948,FAM20C,OSTP_HUMAN,228,S
949,FAM20C,OSTP_HUMAN,234,S
950,FAM20C,OSTP_HUMAN,237,T
951,FAM20C,OSTP_HUMAN,239,S
952,FAM20C,OSTP_HUMAN,243,S
953,FAM20C,OSTP_HUMAN,254,S
954,FAM20C,OSTP_HUMAN,258,S
955,FAM20C,OSTP_HUMAN,263,S
956,FAM20C,OSTP_HUMAN,267,S
957,FAM20C,OSTP_HUMAN,270,S
958,FAM20C,OSTP_HUMAN,275,S
959,FAM20C,OSTP_HUMAN,280,S
960,FAM20C,OSTP_HUMAN,291,S
961,FAM20C,OSTP_HUMAN,303,S
962,FAM20C,OSTP_HUMAN,308,S
963,FAM20C,OSTP_HUMAN,310,S
964,FAM20C,OSTP_HUMAN,311,S
965,EGFR,PCNA_HUMAN,211,Y
966,LYN,PTN6_HUMAN,564,Y
967,PLK1,TCTP_HUMAN,46,S
968,PLK1,TCTP_HUMAN,64,S
969,RPS6KA1,TISD_HUMAN,490,S
970,RPS6KA1,TISD_HUMAN,492,S
971,PRKDC,XRCC5_HUMAN,577,S
972,PRKDC,XRCC5_HUMAN,579,S
973,PRKDC,XRCC5_HUMAN,580,S
974,PRKDC,XRCC5_HUMAN,715,T
975,ABL1,ABI1_HUMAN,213,Y
976,TNK2,AKT1_HUMAN,176,Y
977,IKKE,AKT1_HUMAN,308,T
978,PDPK1 ,AKT1_HUMAN,308,T
979,TBK1,AKT1_HUMAN,308,T
980,IKKE,AKT1_HUMAN,473,S
981,MTOR ,AKT1_HUMAN,473,S
982,TBK1,AKT1_HUMAN,473,S
984,VRK1 ,COIL_HUMAN,184,S
985,VRK2,COIL_HUMAN,184,S
986,CK2,CTNA1_HUMAN,641,S
987,CK1,CTNA1_HUMAN,652,S
988,CK1,CTNA1_HUMAN,655,S
989,CK1,CTNA1_HUMAN,658,T
990,GSK3-beta,CTNB1_HUMAN,23,S
992,GSK3-beta,CTNB1_HUMAN,29,S
993,GSK3-beta ,CTNB1_HUMAN,33,S
994,HIPK2,CTNB1_HUMAN,33,S
995,GSK3-beta ,CTNB1_HUMAN,37,S
996,HIPK2,CTNB1_HUMAN,37,S
997,GSK3-beta,CTNB1_HUMAN,41,T
998,PTK6,CTNB1_HUMAN,64,Y
999,CSK,CTNB1_HUMAN,86,Y
1000,FYN ,CTNB1_HUMAN,142,Y
1001,PTK6,CTNB1_HUMAN,142,Y
1002,CDK5,CTNB1_HUMAN,191,S
1003,CDK5,CTNB1_HUMAN,246,S
1004,PTK6,CTNB1_HUMAN,331,Y
1005,PTK6,CTNB1_HUMAN,333,Y
1006,CSK,CTNB1_HUMAN,654,Y
1007,CDK1,DNM1L_HUMAN,616,S
1008,CAMK1 ,DNM1L_HUMAN,637,S
1009,PKA,DNM1L_HUMAN,637,S
1014,AMPK,EP300_HUMAN,89,S
1026,RET ,FAK1_HUMAN,576,Y
1027,SRC,FAK1_HUMAN,576,Y
1028,RET ,FAK1_HUMAN,577,Y
1029,SRC,FAK1_HUMAN,577,Y
1030,CDK5,FAK1_HUMAN,732,S
1031,ATM,FUS_HUMAN,42,S
1032,PKB,FYV1_HUMAN,318,S
1033,AKT1 or PKB,FYV1_HUMAN,318,S
1034,AKT2,FYV1_HUMAN,318,S
1035,PKB,GSK3B_HUMAN,9,S
1036,AKT1,GSK3B_HUMAN,9,S
1037,RPS6KA3 ,GSK3B_HUMAN,9,S
1038,SGK3,GSK3B_HUMAN,9,S
1039,MARK2,HDAC7_HUMAN,155,S
1040,MARK3 ,HDAC7_HUMAN,155,S
1041,PKD,HDAC7_HUMAN,155,S
1042,PRKD1,HDAC7_HUMAN,155,S
1043,PKD,HDAC7_HUMAN,181,S
1044,PRKD2,HDAC7_HUMAN,181,S
1045,PKD,HDAC7_HUMAN,358,S
1046,PRKD1,HDAC7_HUMAN,358,S
1069,PKA,KAP2_HUMAN,99,S
1070,PDPK1,KAP2_HUMAN,215,T
1073,MAPK1,KHDR1_HUMAN,84,T
1082,PTK6,KHDR1_HUMAN,435,Y
1083,PTK6,KHDR1_HUMAN,440,Y
1084,PTK6,KHDR1_HUMAN,443,Y
1085,CDK1,LBR_HUMAN,71,S
1086,CDK1,LBR_HUMAN,86,S
1087,CDK1,NCK5L_HUMAN,436,S
1088,CDK1,NCK5L_HUMAN,447,S
1089,CDK1,NCK5L_HUMAN,466,S
1090,CDK1,NCK5L_HUMAN,473,S
1091,CDK1,NCK5L_HUMAN,567,S
1092,CDK1,NCK5L_HUMAN,573,S
1093,CDK1,NCK5L_HUMAN,763,S
1094,HCK,RPGF1_HUMAN,504,Y
1095,PKG,RPGP2_HUMAN,7,S
1096,PRKG1,RPGP2_HUMAN,7,S
1098,MAPK8,RPTOR_HUMAN,696,S
1099,MAPK8,RPTOR_HUMAN,706,T
1100,RPS6KA1,RPTOR_HUMAN,719,S
1101,RPS6KA1,RPTOR_HUMAN,721,S
1102,AMPK ,RPTOR_HUMAN,722,S
1103,RPS6KA1,RPTOR_HUMAN,722,S
1104,AMPK,RPTOR_HUMAN,792,S
1105,MTOR,RPTOR_HUMAN,859,S
1106,MAPK8 ,RPTOR_HUMAN,863,S
1107,MTOR,RPTOR_HUMAN,863,S
1108,CK2,SSRP1_HUMAN,510,S
1109,CK2,SSRP1_HUMAN,688,S
1110,PKA,SYDC_HUMAN,500,T
1111,PKB,TBCD1_HUMAN,235,S
1112,AKT1,TBCD1_HUMAN,235,S
1113,PKB,TBCD1_HUMAN,505,T
1114,AKT1,TBCD1_HUMAN,505,T
1115,PKB,TBCD1_HUMAN,627,S
1116,AKT1,TBCD1_HUMAN,627,S
1119,CDK14,CCNY_HUMAN,67,T
1120,CDK14,CCNY_HUMAN,71,S
1121,CDK14,CCNY_HUMAN,73,S
1122,CDK14,CCNY_HUMAN,83,S
1123,CDK14,CCNY_HUMAN,288,S
1124,CDK14,CCNY_HUMAN,295,S
1125,PKC,CD44_HUMAN,672,S
1126,BRSK2,CDK16_HUMAN,12,S
1127,CDK5,CDK16_HUMAN,95,S
1128,GWL,ENSA_HUMAN,67,S
1129,PKA,ENSA_HUMAN,109,S
1130,GRK5,F10A1_HUMAN,346,S
1131,CDK1 ,FOXK2_HUMAN,373,S
1132,CDK2,FOXK2_HUMAN,373,S
1133,CDK1 ,FOXK2_HUMAN,428,S
1134,CDK2,FOXK2_HUMAN,428,S
1135,PKC,FSCN1_HUMAN,39,S
1136,TEC,GRB10_HUMAN,67,Y
1137,MTOR,GRB10_HUMAN,150,S
1138,MAPK1 ,GRB10_HUMAN,150,S
1139,MAPK3,GRB10_HUMAN,150,S
1140,MAPK1 ,GRB10_HUMAN,418,S
1141,MAPK3,GRB10_HUMAN,418,S
1143,MTOR ,GRB10_HUMAN,428,S
1144,PKB,GRB10_HUMAN,428,S
1145,AKT1,GRB10_HUMAN,428,S
1146,MTOR,GRB10_HUMAN,476,S
1147,MAPK1 ,GRB10_HUMAN,476,S
1148,MAPK3,GRB10_HUMAN,476,S
1149,GSK3,H15_HUMAN,11,T
1150,CDK5,HD_HUMAN,1179,S
1151,CDK5,HD_HUMAN,1199,S
1152,MAPKAPK2,HSF1_HUMAN,121,S
1153,CK2,HSF1_HUMAN,142,T
1154,PLK1,HSF1_HUMAN,216,S
1155,CAMK2A,HSF1_HUMAN,230,S
1156,GSK3-beta,HSF1_HUMAN,303,S
1157,MAPK3,HSF1_HUMAN,307,S
1158,PKA,HSF1_HUMAN,320,S
1159,MAPK12,HSF1_HUMAN,326,S
1160,MAPK8,HSF1_HUMAN,363,S
1161,PLK1,HSF1_HUMAN,419,S
1162,PKB,KAT6A_HUMAN,369,T
1163,AKT1,KAT6A_HUMAN,369,T
1165,FAM20C,KTN1_HUMAN,75,S
1169,TBK1,MAVS_HUMAN,442,S
1170,PKA,MEF2D_HUMAN,121,S
1171,MAPK7,MEF2D_HUMAN,180,S
1172,PKA,MEF2D_HUMAN,190,S
1175,PAK1,MORC2_HUMAN,739,S
1176,MELK,MPIP2_HUMAN,169,S
1177,MELK ,MPIP2_HUMAN,323,S
1178,MAPK14,MPIP2_HUMAN,323,S
1179,AURKA,MPIP2_HUMAN,353,S
1180,BRSK1 ,MPIP2_HUMAN,375,S
1181,MAPK14,MPIP2_HUMAN,375,S
1182,ILK1,NACA_HUMAN,43,S
1183,GSK3-beta,NACA_HUMAN,159,T
1184,SGK1,NDRG1_HUMAN,328,T
1185,SGK1,NDRG1_HUMAN,330,S
1186,SGK1,NDRG1_HUMAN,332,S
1187,SGK1,NDRG1_HUMAN,346,T
1188,SGK1,NDRG1_HUMAN,356,T
1189,SGK1,NDRG1_HUMAN,364,S
1190,SGK1,NDRG1_HUMAN,366,T
1191,PDK1,ODPA_HUMAN,232,S
1192,PDK1,ODPA_HUMAN,293,S
1193,PDK2,ODPA_HUMAN,293,S
1194,PDK3 ,ODPA_HUMAN,293,S
1195,PDK4,ODPA_HUMAN,293,S
1196,PDK1,ODPA_HUMAN,300,S
1197,PDK2,ODPA_HUMAN,300,S
1198,PDK3 ,ODPA_HUMAN,300,S
1199,PDK4,ODPA_HUMAN,300,S
1204,MAPKAPK2,PARN_HUMAN,557,S
1205,CaMK1 ,SYN1_HUMAN,9,S
1206,PKA,SYN1_HUMAN,9,S
1207,PDPK1,SYN1_HUMAN,551,S
1208,CaMK2,SYN1_HUMAN,568,S
1209,CaMK2,SYN1_HUMAN,605,S
1210,CHEK1,TLK2_HUMAN,750,S
1211,PKB,TSC2_HUMAN,939,S
1212,AKT1,TSC2_HUMAN,939,S
1213,AMPK,TSC2_HUMAN,1271,T
1214,AMPK,TSC2_HUMAN,1387,S
1215,PKB,TSC2_HUMAN,1462,T
1216,AKT1,TSC2_HUMAN,1462,T
1217,RPS6KA1,TSC2_HUMAN,1798,S
1218,PLK1,WEE1_HUMAN,53,S
1219,CDK1,WEE1_HUMAN,123,S
1220,BRSK1 ,WEE1_HUMAN,642,S
1221,BRSK2,WEE1_HUMAN,642,S
1222,SGK1,BRAF_HUMAN,365,S
1225,MAPK1,BRAF_HUMAN,753,T
1226,CK2,BRD4_HUMAN,484,S
1227,CK2,BRD4_HUMAN,488,S
1228,CK2,BRD4_HUMAN,492,S
1229,CK2,BRD4_HUMAN,494,S
1230,CK2,BRD4_HUMAN,498,S
1231,CK2,BRD4_HUMAN,499,S
1232,CK2,BRD4_HUMAN,503,S
1233,CDK1,C2D1A_HUMAN,208,S
1234,AURKA ,CENPA_HUMAN,7,S
1235,AURKB,CENPA_HUMAN,7,S
1236,PKC,COR1A_HUMAN,2,S
1237,PKC,COR1A_HUMAN,412,T
1238,PKB,FOXO1_HUMAN,24,T
1239,AKT1 or PKB,FOXO1_HUMAN,24,T
1240,AKT2 ,FOXO1_HUMAN,24,T
1241,SGK1,FOXO1_HUMAN,24,T
1242,STK4,FOXO1_HUMAN,212,S
1243,MST1,FOXO1_HUMAN,212,S
1244,STK4,FOXO1_HUMAN,218,S
1245,MST1,FOXO1_HUMAN,218,S
1246,STK4,FOXO1_HUMAN,234,S
1247,MST1,FOXO1_HUMAN,234,S
1248,STK4,FOXO1_HUMAN,235,S
1249,MST1,FOXO1_HUMAN,235,S
1250,CDK1,FOXO1_HUMAN,249,S
1253,PKB,FOXO1_HUMAN,256,S
1254,AKT1 ,FOXO1_HUMAN,256,S
1255,SGK1,FOXO1_HUMAN,256,S
1256,PKB,FOXO1_HUMAN,319,S
1257,AKT1,FOXO1_HUMAN,319,S
1258,CK1 ,FOXO1_HUMAN,322,S
1259,SGK1,FOXO1_HUMAN,322,S
1260,CK1,FOXO1_HUMAN,325,S
1261,DYRK1A,FOXO1_HUMAN,329,S
1262,FGFR1,FRS2_HUMAN,196,Y
1263,FGFR1,FRS2_HUMAN,306,Y
1264,FGFR1,FRS2_HUMAN,349,Y
1265,FGFR1,FRS2_HUMAN,392,Y
1266,FGFR1,FRS2_HUMAN,436,Y
1267,FGFR1,FRS2_HUMAN,471,Y
1268,AMPK ,GYS1_HUMAN,8,S
1269,PKA,GYS1_HUMAN,8,S
1270,GSK3-alpha ,GYS1_HUMAN,653,S
1271,GSK3-beta,GYS1_HUMAN,653,S
1272,CK2,GYS1_HUMAN,657,S
1273,FGR,HCLS1_HUMAN,222,Y
1274,SYK ,HCLS1_HUMAN,378,Y
1275,FES,HCLS1_HUMAN,378,Y
1276,SYK ,HCLS1_HUMAN,397,Y
1277,FES,HCLS1_HUMAN,397,Y
1282,RAF,MP2K2_HUMAN,222,S
1286,ILK1,NACAM_HUMAN,1906,S
1287,GSK3-beta,NACAM_HUMAN,2022,T
1288,PKA,PAWR_HUMAN,163,T
1289,CDK1,PHF8_HUMAN,69,S
1290,CDK1,PHF8_HUMAN,120,S
1296,RPS6KB1,RMP_HUMAN,372,S
1297,CK2,RNPS1_HUMAN,53,S
1298,PKG,SF01_HUMAN,20,S
1299,PAK1,SHOT1_HUMAN,101,S
1300,CK2,SLBP_HUMAN,61,T
1301,CDK1,SLBP_HUMAN,62,T
1302,CK2,SRPK1_HUMAN,51,S
1303,CK2,SRPK1_HUMAN,555,S
1304,CDK1,TBB2B_HUMAN,172,S
1305,SRC,THOC5_HUMAN,225,Y
1306,NTRK2,TIAM1_HUMAN,829,Y
1307,ABL1 ,ABL2_HUMAN,261,Y
1310,autocatalysis ,ABL2_HUMAN,439,Y
1311,SRC-type Tyr-kinases,ABL2_HUMAN,439,Y
1314,FAM20C,ADA10_HUMAN,719,T
1315,PKB,AKTS1_HUMAN,246,T
1316,AKT1 ,AKTS1_HUMAN,246,T
1317,DYRK3,AKTS1_HUMAN,246,T
1318,CaMK1,ARHG7_HUMAN,694,S
1319,PKC,AT2B1_HUMAN,1116,T
1320,PKA,AT2B1_HUMAN,1178,S
1321,AURKA,BRCA1_HUMAN,308,S
1322,CHEK2,BRCA1_HUMAN,988,S
1323,ATR,BRCA1_HUMAN,1143,S
1325,ATR,BRCA1_HUMAN,1280,S
1327,ATM ,BRCA1_HUMAN,1387,S
1328,ATR,BRCA1_HUMAN,1387,S
1329,ATR,BRCA1_HUMAN,1394,T
1331,ATM ,BRCA1_HUMAN,1423,S
1332,ATR,BRCA1_HUMAN,1423,S
1333,ATR,BRCA1_HUMAN,1457,S
1335,ATM,BRCA1_HUMAN,1524,S
1336,CDK1,BUB1_HUMAN,609,T
1337,CDK2 ,CABL1_HUMAN,313,S
1338,CDK3,CABL1_HUMAN,313,S
1345,CDK1,CND1_HUMAN,1384,T
1346,CDK1,CND1_HUMAN,1389,T
1347,CaMK1,CREB1_HUMAN,133,S
1348,CaMK2,CREB1_HUMAN,133,S
1349,CaMK4,CREB1_HUMAN,133,S
1350,PKB,CREB1_HUMAN,133,S
1351,AKT1 or PKB,CREB1_HUMAN,133,S
1352,AKT2,CREB1_HUMAN,133,S
1353,RPS6KA3,CREB1_HUMAN,133,S
1354,RPS6KA4,CREB1_HUMAN,133,S
1355,RPS6KA5,CREB1_HUMAN,133,S
1356,SGK1 ,CREB1_HUMAN,133,S
1357,TSSK4,CREB1_HUMAN,133,S
1358,HIPK2,CREB1_HUMAN,271,S
1359,ABL1,CRK_HUMAN,221,Y
1361,MAPK1,DUS16_HUMAN,446,S
1362,CDK11,EIF3F_HUMAN,46,S
1364,CaMK4 ,HDAC4_HUMAN,246,S
1365,SIK1,HDAC4_HUMAN,246,S
1366,CaMK4 ,HDAC4_HUMAN,467,S
1367,SIK1,HDAC4_HUMAN,467,S
1368,CaMK4,HDAC4_HUMAN,632,S
1369,RPS6KA5,HMGN1_HUMAN,21,S
1371,PKC,HSPB8_HUMAN,63,T
1373,CaMK1,IF4G3_HUMAN,1156,S
1374,MAPK13,KPCD1_HUMAN,397,S
1375,MAPK13,KPCD1_HUMAN,401,S
1376,ABL,KPCD1_HUMAN,463,Y
1377,PKC,KPCD1_HUMAN,738,S
1378,PRKCD,KPCD1_HUMAN,738,S
1379,autocatalysis ,KPCD1_HUMAN,742,S
1380,PKC,KPCD1_HUMAN,742,S
1381,PRKCD,KPCD1_HUMAN,742,S
1383,CSNK1D ,KPCD2_HUMAN,244,S
1384,CSNK1E,KPCD2_HUMAN,244,S
1385,ABL1,KPCD2_HUMAN,438,Y
1386,PKC,KPCD2_HUMAN,706,S
1387,ABL1,KPCD2_HUMAN,717,Y
1389,FAM20C,LAMC1_HUMAN,1149,S
1390,NUAK1 ,LATS1_HUMAN,464,S
1391,NUAK2,LATS1_HUMAN,464,S
1392,STK3,LATS1_HUMAN,909,S
1393,MST2,LATS1_HUMAN,909,S
1394,STK3,LATS1_HUMAN,1079,T
1395,MST2,LATS1_HUMAN,1079,T
1396,SGK1,MK01_HUMAN,29,S
1397,MAP2K1 ,MK01_HUMAN,185,T
1398,MAP2K2,MK01_HUMAN,185,T
1399,MAP2K1 ,MK01_HUMAN,187,Y
1400,MAP2K2,MK01_HUMAN,187,Y
1402,MLCK ,ML12B_HUMAN,19,T
1403,ZIPK,ML12B_HUMAN,19,T
1404,DAPK3,ML12B_HUMAN,19,T
1405,MLCK ,ML12B_HUMAN,20,S
1406,ZIPK,ML12B_HUMAN,20,S
1407,DAPK3,ML12B_HUMAN,20,S
1408,CDK1,MPP8_HUMAN,149,S
1409,CDK1,MPP8_HUMAN,164,S
1410,CDK1,MPP8_HUMAN,334,T
1411,CDK1,MPP8_HUMAN,385,T
1412,RPS6KB1,NCBP1_HUMAN,7,S
1413,RPS6KB1,NCBP1_HUMAN,21,T
1414,RPS6KB1,NCBP1_HUMAN,22,S
1416,PKA,NFAC1_HUMAN,245,S
1417,PKA,NFAC1_HUMAN,269,S
1418,PKA,NFAC1_HUMAN,294,S
1419,PKB,PALLD_HUMAN,1118,S
1420,AKT1,PALLD_HUMAN,1118,S
1421,PKB ,PDCD4_HUMAN,67,S
1422,RPS6KB1,PDCD4_HUMAN,67,S
1423,PKB,PDCD4_HUMAN,457,S
1424,FAM20C,PDIA6_HUMAN,156,S
1425,RPS6KB1,PDIP3_HUMAN,383,S
1426,RPS6KB1,PDIP3_HUMAN,385,S
1427,SYK,PLCG1_HUMAN,771,Y
1428,ITK,PLCG1_HUMAN,783,Y
1429,SYK ,PLCG1_HUMAN,783,Y
1430,TXK,PLCG1_HUMAN,783,Y
1431,PLK1,PMYT1_HUMAN,426,S
1432,PLK1,PMYT1_HUMAN,495,T
1433,CDC42BP ,PP12C_HUMAN,560,T
1434,ROCK2,PP12C_HUMAN,560,T
1435,PKC,PTN22_HUMAN,35,S
1436,PRKCD,PTN22_HUMAN,35,S
1437,MAPK1 ,PTN7_HUMAN,359,S
1438,MAPK3,PTN7_HUMAN,359,S
1439,MAPK1 ,PTN7_HUMAN,364,S
1440,MAPK3,PTN7_HUMAN,364,S
1441,PKB,RGPA2_HUMAN,486,S
1442,PKB,RGPA2_HUMAN,696,S
1443,PKB,RGPA2_HUMAN,715,T
1444,ABL2 ,RHG35_HUMAN,1105,Y
1445,PTK6,RHG35_HUMAN,1105,Y
1446,PKC,RHG35_HUMAN,1221,S
1447,PRKCA,RHG35_HUMAN,1221,S
1448,PKC,RHG35_HUMAN,1226,T
1449,PRKCA,RHG35_HUMAN,1226,T
1450,PKC,RHG35_HUMAN,1236,S
1451,PRKCA,RHG35_HUMAN,1236,S
1452,RPS6KB1,RICTR_HUMAN,1135,T
1453,MAPKAPK2,ROA0_HUMAN,84,S
1454,PKA,SMN_HUMAN,4,S
1455,PKA,SMN_HUMAN,5,S
1456,PKA,SMN_HUMAN,8,S
1457,PKA,SMN_HUMAN,85,T
1458,PKA,SMN_HUMAN,187,S
1459,CDK1,TBB8_HUMAN,172,S
1460,PLK1,TOPRS_HUMAN,718,S
1461,ATM,UBP10_HUMAN,42,T
1462,ATM,UBP10_HUMAN,337,S
1463,PKA,VASP_HUMAN,157,S
1464,PKC,VASP_HUMAN,157,S
1465,PKG,VASP_HUMAN,157,S
1466,PRKG1 ,VASP_HUMAN,157,S
1467,ROCK1,VASP_HUMAN,157,S
1468,PKA ,VASP_HUMAN,239,S
1469,PKG,VASP_HUMAN,239,S
1470,PRKG1,VASP_HUMAN,239,S
1471,PKA,VASP_HUMAN,278,T
1472,PKG,VASP_HUMAN,278,T
1473,PRKG1 ,VASP_HUMAN,278,T
1474,AMPK,VASP_HUMAN,278,T
1475,AMPK,VASP_HUMAN,322,S
1476,MAPK1,VINEX_HUMAN,530,S
1477,ATM,WAP53_HUMAN,64,S
1480,ULK1,AAKB2_HUMAN,69,S
1481,SRC,AXA2L_HUMAN,24,Y
1482,PKC,BTK_HUMAN,180,S
1483,PRKCB,BTK_HUMAN,180,S
1485,LYN ,BTK_HUMAN,551,Y
1486,SYK,BTK_HUMAN,551,Y
1487,FAM20C,CALU_HUMAN,69,S
1488,SIK2,CRTC3_HUMAN,162,S
1489,CDK1,DLGP5_HUMAN,67,S
1490,CDK1,DLGP5_HUMAN,329,T
1491,CDK1,DLGP5_HUMAN,401,T
1492,CDK1,DLGP5_HUMAN,402,T
1493,CDK1,DLGP5_HUMAN,618,S
1494,AURKA,DLGP5_HUMAN,627,S
1495,CDK1,DLGP5_HUMAN,639,T
1496,CDK1,DLGP5_HUMAN,642,S
1497,AURKA,DLGP5_HUMAN,725,S
1498,AURKA,DLGP5_HUMAN,757,S
1499,CDK1,DLGP5_HUMAN,759,T
1500,AURKA,DLGP5_HUMAN,830,S
1501,CDK1,DLGP5_HUMAN,839,S
1502,AURKA,DPYL1_HUMAN,101,T
1503,AURKA,DPYL1_HUMAN,102,T
1505,PKC,EWS_HUMAN,266,S
1514,PKA,GLI3_HUMAN,849,S
1515,PKA,GLI3_HUMAN,865,S
1516,PKA,GLI3_HUMAN,877,S
1517,PKA,GLI3_HUMAN,907,S
1518,PKA,GLI3_HUMAN,980,S
1519,PKA,GLI3_HUMAN,1006,S
1520,PKA,GPKOW_HUMAN,27,S
1521,PKA,GPKOW_HUMAN,316,T
1522,PKC,H13_HUMAN,105,S
1523,RPS6KA1,K1C17_HUMAN,44,S
1524,PKB,KANK1_HUMAN,325,S
1525,AURKB,KIF2C_HUMAN,95,S
1526,PKC,KPCD3_HUMAN,731,S
1528,PDPK1,KS6A3_HUMAN,227,S
1529,autocatalysis ,KS6A3_HUMAN,386,S
1530,MAPKAPK2,KS6A3_HUMAN,386,S
1531,FGFR3,KS6A3_HUMAN,529,Y
1533,MAPK1,KS6A4_HUMAN,343,S
1534,MAPK3 ,KS6A4_HUMAN,343,S
1535,MAPK14,KS6A4_HUMAN,343,S
1538,MAPK1,KS6A4_HUMAN,568,T
1539,MAPK3 ,KS6A4_HUMAN,568,T
1540,MAPK14,KS6A4_HUMAN,568,T
1558,PKB,MTOR_HUMAN,2173,T
1559,AKT1,MTOR_HUMAN,2173,T
1560,RPS6KB1,MTOR_HUMAN,2446,T
1561,RPS6KB1,MTOR_HUMAN,2448,S
1563,ATM,NBN_HUMAN,278,S
1564,ATM,NBN_HUMAN,343,S
1565,CaMK1,NUMB_HUMAN,276,S
1566,CaMK1,NUMB_HUMAN,295,S
1567,ATM,NUSAP_HUMAN,124,S
1568,PKB,PDE3B_HUMAN,295,S
1569,AKT1 or PKB,PDE3B_HUMAN,295,S
1570,AKT2,PDE3B_HUMAN,295,S
1576,ABL,ROBO1_HUMAN,1038,Y
1578,ABL,ROBO1_HUMAN,1073,Y
1580,ABL,ROBO1_HUMAN,1114,Y
1582,CDK1,SAMH1_HUMAN,592,T
1583,AURKA,SPIN1_HUMAN,109,S
1584,AURKA,SPIN1_HUMAN,124,S
1585,FER ,STAT3_HUMAN,705,Y
1586,PTK6,STAT3_HUMAN,705,Y
1587,DYRK2,STAT3_HUMAN,727,S
1588,NLK,STAT3_HUMAN,727,S
1589,NEK6,STAT3_HUMAN,727,S
1590,IRAK1,STAT3_HUMAN,727,S
1591,RPS6KA5,STAT3_HUMAN,727,S
1592,ZIPK,STAT3_HUMAN,727,S
1593,DAPK3 ,STAT3_HUMAN,727,S
1594,PKC,STAT3_HUMAN,727,S
1595,PRKCE,STAT3_HUMAN,727,S
1596,DAPK1,TPM1_HUMAN,283,S
1597,MAPK12,UBXN1_HUMAN,200,S
1598,NEK1,VDAC1_HUMAN,193,S
1599,CK2,A16L1_HUMAN,139,S
1600,PKD,C43BP_HUMAN,132,S
1601,IKKA,CBP_HUMAN,1382,S
1602,IKKA,CBP_HUMAN,1386,S
1603,MTOR,DAP1_HUMAN,3,S
1604,MTOR,DAP1_HUMAN,51,S
1605,PKC,ECT2_HUMAN,359,T
1606,PRKCI,ECT2_HUMAN,359,T
1607,CDK1,ECT2_HUMAN,373,T
1608,CDK1,ECT2_HUMAN,444,T
1609,CDK1,ECT2_HUMAN,846,T
1612,CDK5,ESYT1_HUMAN,324,S
1613,PDGFR,EZRI_HUMAN,146,Y
1614,PDGFR,EZRI_HUMAN,354,Y
1615,ROCK2 ,EZRI_HUMAN,567,T
1616,PKC,EZRI_HUMAN,567,T
1617,PRKCI,EZRI_HUMAN,567,T
1618,PKC,F263_HUMAN,444,T
1619,AMPK,F263_HUMAN,461,S
1620,PKC,F263_HUMAN,471,T
1621,UHMK1,FA64A_HUMAN,131,S
1626,CDK2,FEN1_HUMAN,187,S
1628,FAM20C,FETUA_HUMAN,135,S
1629,FAM20C,FETUA_HUMAN,138,S
1630,FAM20C,FETUA_HUMAN,319,T
1631,FAM20C,FETUA_HUMAN,325,S
1632,FAM20C,FETUA_HUMAN,328,S
1633,FAM20C,FETUA_HUMAN,330,S
1634,PKB,GSK3A_HUMAN,21,S
1635,AKT1,GSK3A_HUMAN,21,S
1638,HASPIN,H32_HUMAN,4,T
1639,PKC,H32_HUMAN,7,T
1647,PKC,H32_HUMAN,12,T
1655,PKC,HABP4_HUMAN,354,T
1656,PKC,HABP4_HUMAN,375,T
1657,PAK2,JUN_HUMAN,2,T
1658,PAK2,JUN_HUMAN,8,T
1659,MAPK8 ,JUN_HUMAN,63,S
1660,PLK3,JUN_HUMAN,63,S
1661,MAPK8 ,JUN_HUMAN,73,S
1662,PLK3,JUN_HUMAN,73,S
1663,PAK2,JUN_HUMAN,89,T
1664,PAK2,JUN_HUMAN,93,T
1665,GSK3-beta,JUN_HUMAN,239,T
1666,DYRK2 ,JUN_HUMAN,243,S
1667,GSK3-beta,JUN_HUMAN,243,S
1668,GSK3-beta,JUN_HUMAN,249,S
1669,PAK2,JUN_HUMAN,286,T
1671,FAM20C,LTBP1_HUMAN,1414,S
1673,autocatalysis ,M3K11_HUMAN,281,S
1674,MAP4K1,M3K11_HUMAN,281,S
1676,autocatalysis ,M3KL4_HUMAN,303,S
1677,MAP4K1,M3KL4_HUMAN,303,S
1678,CK2,MEF2A_HUMAN,59,S
1679,MAPK14,MEF2A_HUMAN,255,S
1680,MAPK7 ,MEF2A_HUMAN,312,T
1681,MAPK14,MEF2A_HUMAN,312,T
1682,NLK,MEF2A_HUMAN,312,T
1683,MAPK7 ,MEF2A_HUMAN,319,T
1684,MAPK14,MEF2A_HUMAN,319,T
1685,MAPK7,MEF2A_HUMAN,355,S
1686,CDK5,MEF2A_HUMAN,408,S
1687,MAPK,MEF2A_HUMAN,453,S
1688,MAP2K1 ,MK03_HUMAN,202,T
1689,MAP2K2,MK03_HUMAN,202,T
1690,MAP2K1 ,MK03_HUMAN,204,Y
1691,MAP2K2,MK03_HUMAN,204,Y
1693,CK2,MYCN_HUMAN,261,S
1694,CK2,MYCN_HUMAN,263,S
1695,PLK1,NEDD1_HUMAN,382,T
1696,PLK1,NEDD1_HUMAN,397,S
1697,PLK1,NEDD1_HUMAN,426,S
1698,CDK1,NEDD1_HUMAN,550,T
1699,PLK1,NEDD1_HUMAN,637,S
1700,PKA,NFKB1_HUMAN,337,S
1706,GSK3-beta,NFKB1_HUMAN,903,S
1708,GSK3-beta,NFKB1_HUMAN,907,S
1710,IKKB,NFKB1_HUMAN,927,S
1711,IKKB,NFKB1_HUMAN,932,S
1712,MAPK,NR2C2_HUMAN,19,S
1713,MAPK,NR2C2_HUMAN,55,S
1714,MAPK,NR2C2_HUMAN,68,S
1715,PAK1,PGM1_HUMAN,467,T
1716,MARK2,RFIP2_HUMAN,227,S
1717,PLK1,RGAP1_HUMAN,149,S
1718,PLK1,RGAP1_HUMAN,157,S
1719,PLK1,RGAP1_HUMAN,164,S
1720,PLK1,RGAP1_HUMAN,170,S
1721,AURKB,RGAP1_HUMAN,387,S
1722,AURKB,RGAP1_HUMAN,410,S
1724,CSK,RIPK2_HUMAN,381,Y
1727,LKB1,SIK2_HUMAN,175,T
1728,LKB1,SNRK_HUMAN,173,T
1729,ATM,SP1_HUMAN,101,S
1730,MAPK8,SP1_HUMAN,278,T
1731,MAPK1 ,SP1_HUMAN,453,T
1732,MAPK3,SP1_HUMAN,453,T
1733,PKC,SP1_HUMAN,641,S
1734,PRKCZ,SP1_HUMAN,641,S
1736,PKC,SP1_HUMAN,651,T
1737,PRKCZ,SP1_HUMAN,651,T
1738,PKC,SP1_HUMAN,670,S
1739,PRKCZ,SP1_HUMAN,670,S
1740,PKC,SP1_HUMAN,681,T
1741,PRKCZ,SP1_HUMAN,681,T
1742,MAPK1,SP1_HUMAN,739,T
1743,MAPK3 ,SP1_HUMAN,739,T
1744,MAPK8,SP1_HUMAN,739,T
1745,PKB,STK3_HUMAN,117,T
1746,AKT1,STK3_HUMAN,117,T
1748,PKB,STK3_HUMAN,384,T
1749,AKT1,STK3_HUMAN,384,T
1750,PKA,STXB5_HUMAN,723,S
1751,FAM20C,T132A_HUMAN,529,S
1752,IKKA,TAXB1_HUMAN,593,S
1753,IKKA,TAXB1_HUMAN,666,S
1754,CDK1,TBB6_HUMAN,172,S
1755,CDK1,TLE1_HUMAN,259,S
1756,CDK1,TLE1_HUMAN,263,S
1757,CDK1,TLE1_HUMAN,267,S
1758,PINK1,UBC_HUMAN,65,S
1759,ATM,UBQL4_HUMAN,318,S
1766,LKB1 ,AAPK1_HUMAN,183,T
1767,CaMKK2,AAPK1_HUMAN,183,T
1768,ULK1,AAPK1_HUMAN,360,S
1769,ULK1,AAPK1_HUMAN,368,T
1770,LKB1 ,AAPK2_HUMAN,172,T
1771,CaMKK2,AAPK2_HUMAN,172,T
1774,autocatalysis ,ABL1_HUMAN,393,Y
1775,SRC-type Tyr-kinases,ABL1_HUMAN,393,Y
1776,PAK2,ABL1_HUMAN,618,S
1777,PAK2,ABL1_HUMAN,619,S
1779,ABL,AHSA1_HUMAN,223,Y
1798,GRK5,ARRB1_HUMAN,412,S
1799,PKC,ATF2_HUMAN,52,T
1800,PRKCH,ATF2_HUMAN,52,T
1801,VRK1,ATF2_HUMAN,62,S
1802,MAPK11 ,ATF2_HUMAN,69,T
1803,MAPK14,ATF2_HUMAN,69,T
1804,MAPK1,ATF2_HUMAN,71,T
1805,MAPK3,ATF2_HUMAN,71,T
1806,MAPK11,ATF2_HUMAN,71,T
1807,MAPK12,ATF2_HUMAN,71,T
1808,MAPK14 ,ATF2_HUMAN,71,T
1809,PLK3,ATF2_HUMAN,71,T
1810,VRK1,ATF2_HUMAN,73,T
1811,PKC,ATF2_HUMAN,121,S
1812,PRKCA ,ATF2_HUMAN,121,S
1813,PKC,ATF2_HUMAN,121,S
1814,PRKCB,ATF2_HUMAN,121,S
1815,PKC,ATF2_HUMAN,340,S
1816,PRKCA ,ATF2_HUMAN,340,S
1817,PKC,ATF2_HUMAN,340,S
1818,PRKCB,ATF2_HUMAN,340,S
1819,PKC,ATF2_HUMAN,367,S
1820,PRKCA ,ATF2_HUMAN,367,S
1821,PKC,ATF2_HUMAN,367,S
1822,PRKCB,ATF2_HUMAN,367,S
1823,ATM,ATF2_HUMAN,490,S
1824,ATM,ATF2_HUMAN,498,S
1827,PLK1,BUB1B_HUMAN,676,S
1828,PLK1,BUB1B_HUMAN,792,T
1829,PLK1,BUB1B_HUMAN,1008,T
1830,MAPK8,CDT1_HUMAN,29,T
1831,MAPK8,CDT1_HUMAN,93,S
1832,MAPK8,CDT1_HUMAN,318,S
1833,PLK2,CENPJ_HUMAN,589,S
1834,PLK2 ,CENPJ_HUMAN,595,S
1835,PLK4,CENPJ_HUMAN,595,S
1836,PKB,CLK2_HUMAN,34,S
1837,AKT1,CLK2_HUMAN,34,S
1839,PKB,CLK2_HUMAN,127,T
1840,AKT1,CLK2_HUMAN,127,T
1842,PKB,CLK2_HUMAN,344,T
1843,AKT2,CLK2_HUMAN,344,T
1848,PKC ,CXCR4_HUMAN,324,S
1849,GRK6,CXCR4_HUMAN,324,S
1850,PKC ,CXCR4_HUMAN,325,S
1851,GRK6,CXCR4_HUMAN,325,S
1852,GRK6,CXCR4_HUMAN,330,S
1853,GRK6,CXCR4_HUMAN,339,S
1854,MAP3K5 ,DAB2P_HUMAN,728,S
1855,RIPK1,DAB2P_HUMAN,728,S
1856,CK1,DCK_HUMAN,11,S
1857,CK1,DCK_HUMAN,15,S
1858,CK1,DCK_HUMAN,72,T
1859,CK2,DEK_HUMAN,32,S
1860,CK2,DEK_HUMAN,159,S
1861,CK2,DEK_HUMAN,199,T
1862,CK2,DEK_HUMAN,201,S
1863,CK2,DEK_HUMAN,204,S
1864,CK2,DEK_HUMAN,243,S
1865,CK2,DEK_HUMAN,244,S
1866,CK2,DEK_HUMAN,251,S
1867,CK2,DEK_HUMAN,287,S
1868,CK2,DEK_HUMAN,288,S
1869,CK2,DEK_HUMAN,289,T
1870,CK2,DEK_HUMAN,290,T
1871,CK2,DEK_HUMAN,296,S
1872,CK2,DEK_HUMAN,301,S
1873,CK2,DEK_HUMAN,303,S
1874,CK2,DEK_HUMAN,306,S
1875,CK2,DEK_HUMAN,307,S
1886,HCK,ELMO1_HUMAN,18,Y
1887,HCK,ELMO1_HUMAN,216,Y
1888,HCK,ELMO1_HUMAN,395,Y
1889,HCK,ELMO1_HUMAN,511,Y
1890,HCK,ELMO1_HUMAN,720,Y
1891,CDK1,EPN1_HUMAN,382,S
1892,ATM,ERCC6_HUMAN,10,S
1893,CDK2,ERCC6_HUMAN,158,S
1898,ATR,EXO1_HUMAN,714,S
1900,SRC,FAK2_HUMAN,580,Y
1901,FYN ,FAK2_HUMAN,580,Y
1902,LCK,FAK2_HUMAN,580,Y
1903,SRC,FAK2_HUMAN,881,Y
1904,AMPK,FOXO3_HUMAN,30,S
1905,PKB,FOXO3_HUMAN,32,T
1906,AKT1,FOXO3_HUMAN,32,T
1907,AMPK,FOXO3_HUMAN,179,T
1908,STK4,FOXO3_HUMAN,209,S
1909,MST1,FOXO3_HUMAN,209,S
1910,MAPKAPK5,FOXO3_HUMAN,215,S
1911,PKB,FOXO3_HUMAN,253,S
1912,AKT1 ,FOXO3_HUMAN,253,S
1913,MAPKAPK5,FOXO3_HUMAN,253,S
1914,CaMK2A,FOXO3_HUMAN,299,S
1915,SGK1,FOXO3_HUMAN,315,S
1916,AMPK,FOXO3_HUMAN,399,S
1917,AMPK,FOXO3_HUMAN,413,S
1918,MAPKAPK5,FOXO3_HUMAN,551,S
1919,AMPK ,FOXO3_HUMAN,555,S
1920,MAPKAPK5,FOXO3_HUMAN,555,S
1921,AMPK,FOXO3_HUMAN,588,S
1922,AMPK,FOXO3_HUMAN,626,S
1923,IKKB,FOXO3_HUMAN,644,S
1924,CDK1,FRY_HUMAN,2508,T
1925,PRKDC,FUMH_HUMAN,236,T
1926,CK2,G6PI_HUMAN,185,S
1929,HASPIN,H33_HUMAN,4,T
1930,PKC,H33_HUMAN,7,T
1938,PKC,H33_HUMAN,12,T
1946,CK1,IF6_HUMAN,174,S
1947,CK1,IF6_HUMAN,175,S
1948,PKC,IF6_HUMAN,235,S
1949,TBK1 ,IKKB_HUMAN,177,S
1950,PKC,IKKB_HUMAN,177,S
1951,PRKCZ,IKKB_HUMAN,177,S
1953,TBK1,IKKB_HUMAN,181,S
1954,PKC,IKKB_HUMAN,181,S
1955,PRKCZ ,IKKB_HUMAN,181,S
1956,PDPK1,IKKB_HUMAN,181,S
1968,PKC,IQGA1_HUMAN,1441,S
1969,PKC,IQGA1_HUMAN,1443,S
1970,PRKCE,IQGA1_HUMAN,1443,S
1971,MAPK,JIP3_HUMAN,265,T
1972,MAPK,JIP3_HUMAN,275,T
1973,MAPK,JIP3_HUMAN,286,T
1974,ROCK1,JIP3_HUMAN,314,S
1975,ROCK1,JIP3_HUMAN,364,S
1976,ROCK1,JIP3_HUMAN,365,S
1977,MAPK8,JUND_HUMAN,100,S
1978,AMPK,KLC1_HUMAN,521,S
1979,AMPK,KLC1_HUMAN,524,S
1980,SRC,KPCI_HUMAN,265,Y
1981,SRC,KPCI_HUMAN,280,Y
1982,SRC,KPCI_HUMAN,334,Y
1983,PDPK1,KPCI_HUMAN,412,T
1984,FAM20C,LEG1_HUMAN,30,S
1985,CK1,LRP6_HUMAN,1420,S
1986,CK1,LRP6_HUMAN,1430,S
1987,CDK14,LRP6_HUMAN,1490,S
1988,GRK5 ,LRP6_HUMAN,1490,S
1989,GRK6,LRP6_HUMAN,1490,S
1990,CK1,LRP6_HUMAN,1493,T
1993,SGK1,M3K3_HUMAN,166,S
1994,SGK1,M3K3_HUMAN,337,S
1995,MARK1,MAP2_HUMAN,1679,S
1996,CHEK2,MDM4_HUMAN,342,S
1997,CHEK1 ,MDM4_HUMAN,367,S
1998,CHEK2,MDM4_HUMAN,367,S
1999,MLCK,ML12A_HUMAN,18,T
2000,MLCK,ML12A_HUMAN,19,S
2004,MLCK,MYL9_HUMAN,19,T
2005,CIT ,MYL9_HUMAN,19,T
2006,ROCK2,MYL9_HUMAN,19,T
2007,CDC42BP,MYL9_HUMAN,20,S
2008,CIT,MYL9_HUMAN,20,S
2009,MLCK,MYL9_HUMAN,20,S
2010,PAK1,MYL9_HUMAN,20,S
2011,ROCK1,MYL9_HUMAN,20,S
2012,ROCK2,MYL9_HUMAN,20,S
2013,DAPK1,MYL9_HUMAN,20,S
2014,DAPK2 ,MYL9_HUMAN,20,S
2015,ZIPK,MYL9_HUMAN,20,S
2016,DAPK3,MYL9_HUMAN,20,S
2020,PKC,NACC1_HUMAN,259,S
2022,MAPK,PA24A_HUMAN,505,S
2023,CDK1,PITM1_HUMAN,287,T
2024,CDK1,PITM1_HUMAN,382,S
2025,PDPK1,PKN2_HUMAN,816,T
2026,PKA ,PLPL2_HUMAN,404,S
2027,FAM20C,PLPL2_HUMAN,404,S
2028,PKA,PPR1A_HUMAN,35,T
2029,PKB,PTN1_HUMAN,50,S
2030,AKT1,PTN1_HUMAN,50,S
2031,CLK1 ,PTN1_HUMAN,50,S
2032,CLK2,PTN1_HUMAN,50,S
2033,EGFR,PTN1_HUMAN,66,Y
2034,CLK1 ,PTN1_HUMAN,242,S
2035,CLK2,PTN1_HUMAN,242,S
2036,CLK1 ,PTN1_HUMAN,243,S
2037,CLK2,PTN1_HUMAN,243,S
2038,PKC,PTN1_HUMAN,378,S
2039,CDK1,PTN1_HUMAN,386,S
2040,CDK2,RAGP1_HUMAN,409,T
2041,MAPK9,RRN3_HUMAN,200,T
2042,PINK1,RS27A_HUMAN,65,S
2043,HCK,STA5B_HUMAN,699,Y
2044,JAK ,STA5B_HUMAN,699,Y
2045,PTK6,STA5B_HUMAN,699,Y
2048,PKC,STK39_HUMAN,309,S
2049,PRKCQ,STK39_HUMAN,309,S
2051,PKB,STK4_HUMAN,387,T
2052,AKT1,STK4_HUMAN,387,T
2053,LYN,SYK_HUMAN,323,Y
2056,ATM,TERF2_HUMAN,230,T
2057,FAK2 ,TGFI1_HUMAN,60,Y
2058,FYN,TGFI1_HUMAN,60,Y
2059,PKA,UHRF1_HUMAN,298,S
2060,CDK1,UHRF1_HUMAN,639,S
2063,LATS2,WWTR1_HUMAN,89,S
2064,LATS2,WWTR1_HUMAN,311,S
2065,PRKDC,XRCC4_HUMAN,260,S
2066,PRKDC,XRCC4_HUMAN,320,S
2067,FAM20C,ANT3_HUMAN,63,T
2068,FAM20C,ANT3_HUMAN,68,S
2069,PKA,AP2C_HUMAN,252,S
2070,FAM20C,APLP2_HUMAN,590,S
2071,FAM20C,APOB_HUMAN,4048,S
2072,JAK2,ARHG1_HUMAN,738,Y
2073,GWL,ARP19_HUMAN,62,S
2074,TLK2,ASF1A_HUMAN,192,S
2075,PKA,AT1A1_HUMAN,943,S
2076,CK1,AXIN1_HUMAN,75,S
2077,CK1,AXIN1_HUMAN,77,S
2078,CK1,AXIN1_HUMAN,217,S
2079,CK1,AXIN1_HUMAN,469,S
2080,GSK3-beta,AXIN1_HUMAN,481,T
2081,GSK3,BCL3_HUMAN,402,S
2082,GSK3,BCL3_HUMAN,406,S
2083,PKC,CAR11_HUMAN,559,S
2084,PRKCB ,CAR11_HUMAN,559,S
2085,PKC,CAR11_HUMAN,559,S
2086,PRKCQ,CAR11_HUMAN,559,S
2087,PKC,CAR11_HUMAN,644,S
2088,PRKCB ,CAR11_HUMAN,644,S
2089,PKC,CAR11_HUMAN,644,S
2090,PRKCQ,CAR11_HUMAN,644,S
2091,PKC,CAR11_HUMAN,652,S
2092,PRKCB ,CAR11_HUMAN,652,S
2093,PKC,CAR11_HUMAN,652,S
2094,PRKCQ,CAR11_HUMAN,652,S
2095,CDK1 ,CDK7_HUMAN,164,S
2096,CDK2,CDK7_HUMAN,164,S
2097,CDK2,CDK7_HUMAN,170,T
2108,CaMK1D,CDK9_HUMAN,186,T
2109,CDK9 ,CDK9_HUMAN,347,S
2110,PKA,CDK9_HUMAN,347,S
2111,CDK9,CDK9_HUMAN,350,T
2112,CDK9,CDK9_HUMAN,353,S
2113,CDK9,CDK9_HUMAN,354,T
2114,CDK9,CDK9_HUMAN,357,S
2115,CDK9,CDK9_HUMAN,362,T
2116,CDK9,CDK9_HUMAN,363,T
2117,CDK1 ,CEP55_HUMAN,425,S
2118,MAPK1,CEP55_HUMAN,425,S
2119,CDK1 ,CEP55_HUMAN,428,S
2120,MAPK1,CEP55_HUMAN,428,S
2121,PLK1,CEP55_HUMAN,436,S
2122,ATM ,CHK1_HUMAN,317,S
2123,ATR,CHK1_HUMAN,317,S
2124,ATM ,CHK1_HUMAN,345,S
2125,ATR,CHK1_HUMAN,345,S
2126,CDK2,COM1_HUMAN,315,T
2127,ATM,COM1_HUMAN,664,S
2128,ATM,COM1_HUMAN,745,S
2129,CDK1,COM1_HUMAN,847,T
2130,PKC,COR1B_HUMAN,2,S
2131,NEK2,CP250_HUMAN,2417,S
2132,NEK2,CP250_HUMAN,2421,S
2133,PKA,DP13A_HUMAN,410,S
2141,SRC,EFS_HUMAN,253,Y
2142,MAPK,EPS8_HUMAN,629,T
2143,PKA,F262_HUMAN,29,S
2144,AMPK,F262_HUMAN,466,S
2145,DYRK2,GLI2_HUMAN,388,S
2147,DYRK2,GLI2_HUMAN,1011,S
2148,RPS6KA5,H2A2C_HUMAN,2,S
2151,DCAF1,H2A2C_HUMAN,121,T
2152,STK4,H2B1J_HUMAN,15,S
2153,MST1,H2B1J_HUMAN,15,S
2154,AMPK,H2B1J_HUMAN,37,S
2155,STK4,H2B1K_HUMAN,15,S
2156,MST1,H2B1K_HUMAN,15,S
2157,AMPK,H2B1K_HUMAN,37,S
2160,HASPIN,H31T_HUMAN,4,T
2161,PKC,H31T_HUMAN,7,T
2169,PKC,H31T_HUMAN,12,T
2179,HASPIN,H31_HUMAN,4,T
2180,PKC,H31_HUMAN,7,T
2188,PKC ,H31_HUMAN,12,T
2189,CHEK1,H31_HUMAN,12,T
2199,HASPIN,H3C_HUMAN,4,T
2200,PKC,H3C_HUMAN,7,T
2208,PKC,H3C_HUMAN,12,T
2216,AURKB,HASP_HUMAN,93,S
2217,AURKB,HASP_HUMAN,143,S
2218,CDK2,HIRA_HUMAN,555,T
2223,HRI,IF2A_HUMAN,49,S
2224,GSK3,KAT5_HUMAN,86,S
2225,CDK1,KAT5_HUMAN,90,S
2228,CaMKK1 ,KCC1A_HUMAN,177,T
2229,CaMKK2,KCC1A_HUMAN,177,T
2233,PKA,KCNK2_HUMAN,348,S
2234,MARK2,KI13B_HUMAN,1381,S
2235,MARK2,KI13B_HUMAN,1410,S
2236,PLK1,KI20A_HUMAN,528,S
2244,PKC,KIT_HUMAN,741,S
2245,PRKCA,KIT_HUMAN,741,S
2246,PKC,KIT_HUMAN,746,S
2247,PRKCA,KIT_HUMAN,746,S
2251,AURKA,LATS2_HUMAN,83,S
2252,MAPKAPK2,LIMK1_HUMAN,323,S
2253,ROCK1 ,LIMK1_HUMAN,508,T
2254,PAK1,LIMK1_HUMAN,508,T
2255,MTOR,MAF1_HUMAN,60,S
2256,MTOR,MAF1_HUMAN,68,S
2257,MTOR,MAF1_HUMAN,75,S
2258,LKB1 ,MARK1_HUMAN,215,T
2259,TAOK1,MARK1_HUMAN,215,T
2260,GSK3-beta,MARK1_HUMAN,219,S
2261,PKC,MARK1_HUMAN,613,T
2262,PRKCZ,MARK1_HUMAN,613,T
2263,CDK1,MPIP3_HUMAN,122,S
2264,PLK3,MPIP3_HUMAN,191,S
2265,PLK3,MPIP3_HUMAN,198,S
2266,CDK1,MPIP3_HUMAN,214,S
2267,CHEK1,MPIP3_HUMAN,216,S
2268,CHEK2,MPIP3_HUMAN,216,S
2269,BRSK1 ,MPIP3_HUMAN,216,S
2270,MAPK14,MPIP3_HUMAN,216,S
2275,IKKB,NAA10_HUMAN,209,S
2276,WNK1 ,NED4L_HUMAN,342,S
2277,WNK4,NED4L_HUMAN,342,S
2278,SGK1,NED4L_HUMAN,367,T
2279,PKA ,NED4L_HUMAN,448,S
2280,SGK1,NED4L_HUMAN,448,S
2281,WNK1 ,NED4L_HUMAN,449,S
2282,WNK4,NED4L_HUMAN,449,S
2284,IKKB,NEMO_HUMAN,31,S
2285,IKKB,NEMO_HUMAN,43,S
2286,ATM,NEMO_HUMAN,85,S
2287,IKKB,NEMO_HUMAN,376,S
2288,PDK1,ODPAT_HUMAN,291,S
2289,PDK2,ODPAT_HUMAN,291,S
2290,PDK3 ,ODPAT_HUMAN,291,S
2291,PDK4,ODPAT_HUMAN,291,S
2292,PDK3,ODPAT_HUMAN,298,S
2293,HIPK4,P53_HUMAN,9,S
2294,CDK5,P53_HUMAN,15,S
2295,PRPK,P53_HUMAN,15,S
2296,AMPK,P53_HUMAN,15,S
2297,NUAK1 ,P53_HUMAN,15,S
2298,ATM,P53_HUMAN,15,S
2299,CK1,P53_HUMAN,18,T
2300,VRK1 ,P53_HUMAN,18,T
2301,VRK2,P53_HUMAN,18,T
2302,CHEK2,P53_HUMAN,20,S
2303,CK1 ,P53_HUMAN,20,S
2304,PLK3,P53_HUMAN,20,S
2305,CDK5 ,P53_HUMAN,33,S
2306,CDK7,P53_HUMAN,33,S
2307,MAPKAPK5,P53_HUMAN,37,S
2308,CDK5,P53_HUMAN,46,S
2309,DYRK2,P53_HUMAN,46,S
2310,HIPK2 ,P53_HUMAN,46,S
2311,PKC,P53_HUMAN,46,S
2312,PRKCG,P53_HUMAN,46,S
2313,TAF1 ,P53_HUMAN,55,T
2314,GRK5,P53_HUMAN,55,T
2316,AURKB,P53_HUMAN,183,S
2317,AURKB,P53_HUMAN,269,S
2318,AURKB,P53_HUMAN,284,T
2319,AURKA,P53_HUMAN,315,S
2320,CDK1 ,P53_HUMAN,315,S
2321,CDK2,P53_HUMAN,315,S
2335,CK2,P53_HUMAN,392,S
2336,CDK2 ,P53_HUMAN,392,S
2337,NUAK1,P53_HUMAN,392,S
2338,AURKA,PLK1_HUMAN,210,T
2340,CDK1,PRC1_HUMAN,470,T
2341,CDK1,PRC1_HUMAN,481,T
2342,PLK1,PRC1_HUMAN,616,T
2343,PKA,PSN1_HUMAN,310,S
2344,PKC,PSN1_HUMAN,346,S
2345,CDK1,RAB1A_HUMAN,194,S
2346,LRRK2,RAB8A_HUMAN,72,T
2347,CDK1,RBBP5_HUMAN,252,T
2348,CDK1,RBBP5_HUMAN,497,S
2351,ZIPK,RL13A_HUMAN,77,S
2352,DAPK3,RL13A_HUMAN,77,S
2353,ROCK2,ROCK2_HUMAN,414,T
2354,SRC,ROCK2_HUMAN,722,Y
2356,PLK2,RPGF2_HUMAN,644,T
2357,PLK2,RPGF2_HUMAN,806,S
2358,PLK2,RPGF2_HUMAN,933,S
2359,PLK2,RPGF2_HUMAN,1176,S
2360,CDK1,RUNX2_HUMAN,451,S
2361,MAPK8 ,RXRA_HUMAN,56,S
2362,MAPK9,RXRA_HUMAN,56,S
2363,MAPK8 ,RXRA_HUMAN,70,S
2364,MAPK9,RXRA_HUMAN,70,S
2365,MAPK8 ,RXRA_HUMAN,82,T
2366,MAPK9,RXRA_HUMAN,82,T
2368,MAPK8 ,RXRA_HUMAN,260,S
2369,MAPK9,RXRA_HUMAN,260,S
2370,NLK,SETB1_HUMAN,976,T
2371,JAK1,SH2B1_HUMAN,439,Y
2372,JAK2 ,SH2B1_HUMAN,439,Y
2373,PDGFR,SH2B1_HUMAN,439,Y
2374,JAK1,SH2B1_HUMAN,494,Y
2375,JAK2,SH2B1_HUMAN,494,Y
2376,SRC,SHIP2_HUMAN,986,Y
2377,CDK2 ,SIR2_HUMAN,368,S
2378,CDK5,SIR2_HUMAN,368,S
2379,TBK1,SMCR8_HUMAN,402,S
2380,TBK1,SMCR8_HUMAN,796,T
2381,PKA,SNAPN_HUMAN,50,S
2382,CDK5,SRC_HUMAN,75,S
2384,FAK2,SRC_HUMAN,419,Y
2385,CSK,SRC_HUMAN,530,Y
2386,dsDNA kinase,SRF_HUMAN,435,S
2387,dsDNA kinase,SRF_HUMAN,446,S
2388,FAM20C,TENA_HUMAN,72,S
2396,RPS6KA4 ,TF65_HUMAN,276,S
2397,RPS6KA5,TF65_HUMAN,276,S
2400,PKC,TF65_HUMAN,311,S
2401,PRKCZ,TF65_HUMAN,311,S
2402,IKKB ,TF65_HUMAN,468,S
2403,IKKE,TF65_HUMAN,468,S
2404,CHEK1,TF65_HUMAN,505,T
2405,CK2,TF65_HUMAN,529,S
2406,IKKB,TF65_HUMAN,536,S
2407,PKA,TFAM_HUMAN,55,S
2408,PKA,TFAM_HUMAN,56,S
2409,PKA,TFAM_HUMAN,61,S
2410,PKA,TFAM_HUMAN,160,S
2411,FAM20C,TGON2_HUMAN,71,S
2412,FAM20C,TGON2_HUMAN,221,S
2413,FAM20C,TGON2_HUMAN,298,S
2414,FAM20C,TGON2_HUMAN,302,T
2415,FAM20C,TGON2_HUMAN,351,S
2416,MAPKAPK2,TISB_HUMAN,54,S
2417,PKB,TISB_HUMAN,90,S
2418,AKT1,TISB_HUMAN,90,S
2419,PKB,TISB_HUMAN,92,S
2420,AKT1 ,TISB_HUMAN,92,S
2421,MAPKAPK2,TISB_HUMAN,92,S
2422,PKB,TISB_HUMAN,203,S
2423,AKT1 ,TISB_HUMAN,203,S
2424,MAPKAPK2,TISB_HUMAN,203,S
2425,RPS6KA1,TISB_HUMAN,334,S
2426,CK2,TOP1_HUMAN,506,S
2427,PIK3CG,TPM2_HUMAN,61,S
2428,FAM20C,VGF_HUMAN,420,S
2429,FAM20C,VGF_HUMAN,424,T
2430,FYN ,WASP_HUMAN,291,Y
2431,HCK,WASP_HUMAN,291,Y
2432,CK2,WASP_HUMAN,483,S
2433,CK2,WASP_HUMAN,484,S
