INN_Name,CHEMBL_ID,Smiles,InChi_Key,RoF,MW,LogP,TPSA,HBA,HBD,NRB,Kinase families,Image_link
Abemaciclib,CHEMBL3301610,Smiles=CCN1CCN(CC1)Cc2ccc(nc2)Nc3ncc(c(n3)c4cc5c(c(c4)F)nc(n5C(C)C)C)F,InChiKey=UZWDCWONPYILKI-UHFFFAOYSA-N,1,506.3,4.9,75,8,1,7,CMGC,www.icoa.fr/pkidb/static/img/mol/Abemaciclib.svg
Acalabrutinib,CHEMBL3707348,Smiles=CC#CC(=O)N1CCC[C@H]1c2nc(c3n2ccnc3N)c4ccc(cc4)C(=O)Nc5ccccn5,InChiKey=WDENQIQQYWYTPO-IBGZPJMESA-N,0,465.2,3.3,118.5,7,2,4,Tyr,www.icoa.fr/pkidb/static/img/mol/Abivertinib.svg
Adavosertib,CHEMBL1976040,Smiles=CC(C)(c1cccc(n1)n2c3c(cnc(n3)Nc4ccc(cc4)N5CCN(CC5)C)c(=O)n2CC=C)O,InChiKey=BKWJAKQVGHWELA-UHFFFAOYSA-N,1,500.3,2.9,104.3,10,2,7,Other,www.icoa.fr/pkidb/static/img/mol/Acalabrutinib.svg
Afatinib,CHEMBL1173655,Smiles=CN(C)C/C=C/C(=O)Nc1cc2c(cc1O[C@H]3CCOC3)ncnc2Nc4ccc(c(c4)Cl)F,InChiKey=ULXXDDBFHOBEHA-CWDCEQMOSA-N,0,485.2,4.4,88.6,7,2,8,Tyr,www.icoa.fr/pkidb/static/img/mol/Acalisib.svg
Afuresertib,CHEMBL2219422,Smiles=Cn1c(c(cn1)Cl)c2cc(sc2Cl)C(=O)N[C@@H](Cc3cccc(c3)F)CN,InChiKey=AFJRDFWMXUECEW-LBPRGKRZSA-N,0,426,3.9,72.9,5,2,6,AGC,www.icoa.fr/pkidb/static/img/mol/Acumapimod.svg
Alectinib,CHEMBL1738797,Smiles=CCc1cc2c(cc1N3CCC(CC3)N4CCOCC4)C(c5c(c6ccc(cc6[nH]5)C#N)C2=O)(C)C,InChiKey=KDGFLJKFZUIJMX-UHFFFAOYSA-N,0,482.3,4.8,72.4,5,1,3,Tyr,www.icoa.fr/pkidb/static/img/mol/Adavosertib.svg
Alisertib,CHEMBL483158,Smiles=COc1cccc(c1C2=NCc3cnc(nc3-c4c2cc(cc4)Cl)Nc5ccc(c(c5)OC)C(=O)O)F,InChiKey=ZLHFILGSQDJULK-UHFFFAOYSA-N,2,518.1,5.7,105.9,7,2,6,Other,www.icoa.fr/pkidb/static/img/mol/Afatinib.svg
Allitinib,CHEMBL1947204,Smiles=C=CC(=O)Nc1ccc2c(c1)c(ncn2)Nc3ccc(c(c3)Cl)OCc4cccc(c4)F,InChiKey=MVZGYPSXNDCANY-UHFFFAOYSA-N,1,448.1,5.9,76.1,5,2,7,Tyr,www.icoa.fr/pkidb/static/img/mol/Afuresertib.svg
Alpelisib,CHEMBL2396661,Smiles=Cc1c(sc(n1)NC(=O)N2CCC[C@H]2C(=O)N)c3ccnc(c3)C(C)(C)C(F)(F)F,InChiKey=STUWGJZDJHPWGZ-LBPRGKRZSA-N,0,441.1,3.8,101.2,5,2,4,Atypical,www.icoa.fr/pkidb/static/img/mol/Alectinib.svg
Altiratinib,CHEMBL3545365,Smiles=c1cc(ccc1NC(=O)C2(CC2)C(=O)Nc3cc(c(cc3F)Oc4ccnc(c4)NC(=O)C5CC5)F)F,InChiKey=GNNDEPIMDAZHRQ-UHFFFAOYSA-N,1,510.2,5,109.4,5,3,8,Tyr,www.icoa.fr/pkidb/static/img/mol/Alisertib.svg
Alvocidib,CHEMBL428690,Smiles=CN1CC[C@@H]([C@@H](C1)O)c2c(cc(c3c2oc(cc3=O)c4ccccc4Cl)O)O,InChiKey=BIIVYFLTOXDAOV-YVEFUNNKSA-N,0,401.1,3.3,94.1,6,3,2,,www.icoa.fr/pkidb/static/img/mol/Allitinib.svg
Amcasertib,CHEMBL3707349,Smiles=CCN(CC)CCNC(=O)c1c(c([nH]c1C)/C=C\2/c3cc(ccc3NC2=O)c4csc(n4)c5ccccc5)C,InChiKey=QDWKGEFGLQMDAM-ULJHMMPZSA-N,2,539.2,6,90.1,5,3,9,Tyr,www.icoa.fr/pkidb/static/img/mol/Alpelisib.svg
Amuvatinib,CHEMBL2103851,Smiles=c1ccc2c(c1)c3c(o2)c(ncn3)N4CCN(CC4)C(=S)NCc5ccc6c(c5)OCO6,InChiKey=FOFDIMHVKGYHRU-UHFFFAOYSA-N,0,447.1,3.3,75.9,7,1,3,Tyr,www.icoa.fr/pkidb/static/img/mol/Altiratinib.svg
Apitolisib,CHEMBL1922094,Smiles=Cc1c(sc2c1nc(nc2N3CCOCC3)c4cnc(nc4)N)CN5CCN(CC5)C(=O)[C@H](C)O,InChiKey=YOVVNQKCSKSHKT-HNNXBMFYSA-N,1,498.2,0.9,133.8,11,2,5,Atypical,www.icoa.fr/pkidb/static/img/mol/Alvocidib.svg
Axitinib,CHEMBL1289926,Smiles=CNC(=O)c1ccccc1Sc2ccc3c(c2)[nH]nc3/C=C/c4ccccn4,InChiKey=RITAVMQDGBJQJZ-FMIVXFBMSA-N,0,386.1,4.6,70.7,4,2,5,Tyr,www.icoa.fr/pkidb/static/img/mol/Amcasertib.svg
Bafetinib,CHEMBL206834,Smiles=Cc1ccc(cc1Nc2nccc(n2)c3cncnc3)NC(=O)c4ccc(c(c4)C(F)(F)F)CN5CC[C@@H](C5)N(C)C,InChiKey=ZGBAJMQHJDFTQJ-DEOSSOPVSA-N,2,576.3,5.4,99.2,8,2,8,Tyr,www.icoa.fr/pkidb/static/img/mol/Amuvatinib.svg
Balamapimod,CHEMBL2104954,Smiles=Cn1ccnc1Sc2ccc(cc2Cl)Nc3c4cc(c(cc4ncc3C#N)N5CCC(CC5)N6CCCC6)OC,InChiKey=CVAKNHIXTWLGJO-UHFFFAOYSA-N,2,573.2,6.5,82.2,9,1,7,"TKL
STE",www.icoa.fr/pkidb/static/img/mol/Anlotinib.svg
Barasertib,CHEMBL415049,Smiles=CCN(CCCOc1ccc2c(c1)ncnc2Nc3cc(n[nH]3)CC(=O)Nc4cccc(c4)F)CCOP(=O)(O)O,InChiKey=GBJVVSCPOBPEIT-UHFFFAOYSA-N,1,587.2,3.6,174.8,9,5,15,Other,www.icoa.fr/pkidb/static/img/mol/Apatinib.svg
Baricitinib,CHEMBL2105759,Smiles=CCS(=O)(=O)N1CC(C1)(CC#N)n2cc(cn2)c3c4cc[nH]c4ncn3,InChiKey=XUZMWHLSFXCVMG-UHFFFAOYSA-N,0,371.1,1.1,120.6,7,1,5,Tyr,www.icoa.fr/pkidb/static/img/mol/Apitolisib.svg
Bemcentinib,CHEMBL3809489,Smiles=c1ccc-2c(c1)CCCc3c2nnc(c3)n4c(nc(n4)Nc5ccc6c(c5)CC[C@H](CC6)N7CCCC7)N,InChiKey=KXMZDGSRSGHMMK-VWLOTQADSA-N,1,506.3,4.9,97.8,8,2,4,Tyr,www.icoa.fr/pkidb/static/img/mol/Asciminib.svg
Bentamapimod,CHEMBL3545213,Smiles=N#CC(c1nc2ccccc2s1)c5nc(OCc3ccc(cc3)CN4CCOCC4)ncc5,InChiKey=XCPPIJCBCWUBNT-UHFFFAOYSA-N,0,457.2,4.2,84.2,8,0,7,CMGC,www.icoa.fr/pkidb/static/img/mol/Avapritinib.svg
Berzosertib,CHEMBL3989870,Smiles=CC(C)S(=O)(=O)c1ccc(cc1)c2cnc(c(n2)c3cc(no3)c4ccc(cc4)CNC)N,InChiKey=JZCWLJDSIRUGIN-UHFFFAOYSA-N,0,463.2,3.9,124,8,2,7,,www.icoa.fr/pkidb/static/img/mol/Axitinib.svg
Bimiralisib,CHEMBL4084907,Smiles=c1c(c(c[nH]c1=N)c2nc(nc(n2)N3CCOCC3)N4CCOCC4)C(F)(F)F,InChiKey=ADGGYDAFIHSYFI-UHFFFAOYSA-N,0,411.2,1,103.2,8,2,3,,www.icoa.fr/pkidb/static/img/mol/Bafetinib.svg
Binimetinib,CHEMBL3187723,Smiles=Cn1cnc2c1cc(c(c2F)Nc3ccc(cc3F)Br)C(=O)NOCCO,InChiKey=ACWZRVQXLIRSDF-UHFFFAOYSA-N,0,440,3,88.4,6,3,6,STE,www.icoa.fr/pkidb/static/img/mol/Balamapimod.svg
Bosutinib,CHEMBL288441,Smiles=CN1CCN(CC1)CCCOc2cc3c(cc2OC)c(c(cn3)C#N)Nc4cc(c(cc4Cl)Cl)OC,InChiKey=UBPYILGKFZZVDX-UHFFFAOYSA-N,2,529.2,5.2,82.9,8,1,9,"Atypical
Tyr
STE
CAMK
CMGC",www.icoa.fr/pkidb/static/img/mol/Barasertib.svg
Brigatinib,CHEMBL3545311,Smiles=CN1CCN(CC1)C2CCN(CC2)c3ccc(c(c3)OC)Nc4ncc(c(n4)Nc5ccccc5P(=O)(C)C)Cl,InChiKey=AILRADAXUVEEIR-UHFFFAOYSA-N,2,583.3,5.1,85.9,9,2,8,Tyr,www.icoa.fr/pkidb/static/img/mol/Baricitinib.svg
Brivanib,CHEMBL377300,Smiles=Cc1cc2c([nH]1)ccc(c2F)Oc3c4c(c(cn4ncn3)OC[C@@H](C)O)C,InChiKey=WCWUXEGQKLTGDX-LLVKDONJSA-N,0,370.1,3.5,84.7,6,2,5,Tyr,www.icoa.fr/pkidb/static/img/mol/Bemcentinib.svg
Buparlisib,CHEMBL2017974,Smiles=c1c(c(cnc1N)c2cc(nc(n2)N3CCOCC3)N4CCOCC4)C(F)(F)F,InChiKey=CWHUFRVAEUJCEF-UHFFFAOYSA-N,0,410.2,1.8,89.6,8,1,3,Atypical,www.icoa.fr/pkidb/static/img/mol/Bentamapimod.svg
Cabozantinib,CHEMBL2105717,Smiles=COc1cc2c(ccnc2cc1OC)Oc3ccc(cc3)NC(=O)C4(CC4)C(=O)Nc5ccc(cc5)F,InChiKey=ONIQOQHATWINJY-UHFFFAOYSA-N,2,501.2,5.5,98.8,6,2,8,Tyr,www.icoa.fr/pkidb/static/img/mol/Berzosertib.svg
Canertinib,CHEMBL31965,Smiles=C=CC(=O)Nc1cc2c(cc1OCCCN3CCOCC3)ncnc2Nc4ccc(c(c4)Cl)F,InChiKey=OMZCMEYTWSXEPZ-UHFFFAOYSA-N,0,485.2,4.4,88.6,7,2,9,Tyr,www.icoa.fr/pkidb/static/img/mol/Bimiralisib.svg
Capivasertib,CHEMBL2325741,Smiles=c1cc(ccc1[C@H](CCO)NC(=O)C2(CCN(CC2)c3c4cc[nH]c4ncn3)N)Cl,InChiKey=JDUBGYFRJFOXQC-KRWDZBQOSA-N,0,428.2,2.1,120.2,6,4,6,AGC,www.icoa.fr/pkidb/static/img/mol/Binimetinib.svg
Capmatinib,CHEMBL3188267,Smiles=CNC(=O)c1ccc(cc1F)c2cnc3ncc(n3n2)Cc4ccc5c(c4)cccn5,InChiKey=LIOLIMKSCNQPLV-UHFFFAOYSA-N,0,412.1,3.4,85.1,6,1,4,Tyr,www.icoa.fr/pkidb/static/img/mol/Bosutinib.svg
Cediranib,CHEMBL491473,Smiles=Cc1cc2c([nH]1)ccc(c2F)Oc3c4cc(c(cc4ncn3)OCCCN5CCCC5)OC,InChiKey=XXJWYDDUDKYVKI-UHFFFAOYSA-N,1,450.2,5.2,72.5,6,1,8,Tyr,www.icoa.fr/pkidb/static/img/mol/Brigatinib.svg
Cenisertib,CHEMBL1614709,Smiles=Cc1cc(ccc1N2CCN(CC2)C)Nc3ncc(c(n3)N[C@@H]4[C@@H]5C[C@H]([C@@H]4C(=O)N)C=C5)F,InChiKey=KSOVGRCOLZZTPF-QMKUDKLTSA-N,0,451.2,2.5,99.4,7,3,6,Other,www.icoa.fr/pkidb/static/img/mol/Brivanib.svg
Cerdulatinib,CHEMBL4116008,Smiles=CCS(=O)(=O)N1CCN(CC1)c2ccc(cc2)Nc3ncc(c(n3)NC4CC4)C(=O)N,InChiKey=BGLPECHZZQDNCD-UHFFFAOYSA-N,0,445.2,1.4,133.6,8,3,8,Tyr,www.icoa.fr/pkidb/static/img/mol/Buparlisib.svg
Ceritinib,CHEMBL2403108,Smiles=Cc1cc(c(cc1C2CCNCC2)OC(C)C)Nc3ncc(c(n3)Nc4ccccc4S(=O)(=O)C(C)C)Cl,InChiKey=VERWOWGGCGHDQE-UHFFFAOYSA-N,2,557.2,6.4,105.2,8,3,9,Tyr,www.icoa.fr/pkidb/static/img/mol/Cabozantinib.svg
Cobimetinib,CHEMBL2146883,Smiles=c1c(cc(c(c1)Nc2c(c(ccc2C(=O)N3C[C@@](C3)(O)[C@H]4NCCCC4)F)F)F)I,InChiKey=BSMCAPRUBJMWDF-KRWDZBQOSA-N,1,531.1,3.8,64.6,4,3,4,STE,www.icoa.fr/pkidb/static/img/mol/Canertinib.svg
Copanlisib,CHEMBL3218576,Smiles=COc1c(ccc2c1N=C(N3C2=NCC3)NC(=O)c4cnc(nc4)N)OCCCN5CCOCC5,InChiKey=PZBCKZWLPGJMAO-UHFFFAOYSA-N,1,480.2,0.7,139.8,11,2,7,Atypical,www.icoa.fr/pkidb/static/img/mol/Capivasertib.svg
Crenolanib,CHEMBL2105728,Smiles=CC1(COC1)COc2ccc3c(c2)ncn3c4ccc5cccc(c5n4)N6CCC(CC6)N,InChiKey=DYNHJHQFHQTFTP-UHFFFAOYSA-N,0,443.2,3.9,78.4,7,1,5,Tyr,www.icoa.fr/pkidb/static/img/mol/Capmatinib.svg
Crizotinib,CHEMBL601719,Smiles=C[C@H](c1c(ccc(c1Cl)F)Cl)Oc2cc(cnc2N)c3cnn(c3)C4CCNCC4,InChiKey=KTEIFNKAUNYNJU-GFCCVEGCSA-N,1,449.1,5,78,6,2,5,Tyr,www.icoa.fr/pkidb/static/img/mol/Cediranib.svg
Dabrafenib,CHEMBL2028663,Smiles=CC(C)(C)c1nc(c(s1)c2ccnc(n2)N)c3cccc(c3F)NS(=O)(=O)c4c(cccc4F)F,InChiKey=BFSMGDJOXZAERB-UHFFFAOYSA-N,2,519.1,5.4,110.9,7,2,5,"NEK
TKL
CAMK",www.icoa.fr/pkidb/static/img/mol/Cenisertib.svg
Dacomitinib,CHEMBL2110732,Smiles=COc1cc2c(cc1NC(=O)/C=C/CN3CCCCC3)c(ncn2)Nc4ccc(c(c4)Cl)F,InChiKey=LVXJQMNHJWSHET-AATRIKPKSA-N,1,469.2,5.2,79.4,6,2,7,Tyr,www.icoa.fr/pkidb/static/img/mol/Ceralasertib.svg
Dactolisib,CHEMBL1879463,Smiles=CC(C)(C#N)c1ccc(cc1)n2c3c4cc(ccc4ncc3n(c2=O)C)c5cc6ccccc6nc5,InChiKey=JOGKUKXHTYWRGZ-UHFFFAOYSA-N,1,469.2,5.9,76.5,6,0,3,Atypical,www.icoa.fr/pkidb/static/img/mol/Cerdulatinib.svg
Danusertib,CHEMBL402548,Smiles=CN1CCN(CC1)c2ccc(cc2)C(=O)Nc3c4c([nH]n3)CN(C4)C(=O)[C@@H](c5ccccc5)OC,InChiKey=XKFTZKGMDDZMJI-HSZRJFAPSA-N,0,474.2,2.6,93.8,6,2,6,Other,www.icoa.fr/pkidb/static/img/mol/Ceritinib.svg
Dasatinib,CHEMBL1421,Smiles=Cc1cccc(c1NC(=O)c2cnc(s2)Nc3cc(nc(n3)C)N4CCN(CC4)CCO)Cl,InChiKey=ZBNZXTGUTAYRHI-UHFFFAOYSA-N,0,487.2,3.3,106.5,9,3,7,Tyr,www.icoa.fr/pkidb/static/img/mol/Cobimetinib.svg
Decernotinib,CHEMBL3039513,Smiles=CC[C@](C)(C(=O)NCC(F)(F)F)Nc1ccnc(n1)c2c[nH]c3c2cccn3,InChiKey=ASUGUQWIHMTFJL-QGZVFWFLSA-N,0,392.2,3.3,95.6,5,3,6,Tyr,www.icoa.fr/pkidb/static/img/mol/Copanlisib.svg
Defactinib,CHEMBL3137331,Smiles=CNC(=O)c1ccc(cc1)Nc2ncc(c(n2)NCc3c(nccn3)N(C)S(=O)(=O)C)C(F)(F)F,InChiKey=FWLMVFUGMHIOAA-UHFFFAOYSA-N,1,510.1,2.4,142.1,9,3,8,Tyr,www.icoa.fr/pkidb/static/img/mol/Crenolanib.svg
Dezapelisib,CHEMBL2216863,Smiles=Cc1csc2n1c(=O)c(c(n2)[C@H](C)Nc3c4c([nH]cn4)ncn3)c5cccc(c5)F,InChiKey=RSIWALKZYXPAGW-NSHDSACASA-N,0,421.1,3.7,100.9,8,2,4,,www.icoa.fr/pkidb/static/img/mol/Crizotinib.svg
Dilmapimod,CHEMBL2103838,Smiles=Cc1cc(ccc1c2c3ccc(=O)n(c3nc(n2)NC(CO)CO)c4c(cccc4F)F)F,InChiKey=ORVNHOYNEHYKJG-UHFFFAOYSA-N,0,456.1,2.9,100.3,7,3,6,CMGC,www.icoa.fr/pkidb/static/img/mol/Dabrafenib.svg
Dinaciclib,CHEMBL2103840,Smiles=CCc1cnn2c1nc(cc2NCc3ccc[n+](c3)[O-])N4CCCC[C@H]4CCO,InChiKey=PIMQWRZWLQKKBJ-SFHVURJKSA-N,0,396.2,2.3,92.6,7,2,7,"(*)
CMGC",www.icoa.fr/pkidb/static/img/mol/Dacomitinib.svg
Doramapimod,CHEMBL103667,Smiles=Cc1ccc(cc1)n2c(cc(n2)C(C)(C)C)NC(=O)Nc3ccc(c4c3cccc4)OCCN5CCOCC5,InChiKey=MVCOAUNKQVWQHZ-UHFFFAOYSA-N,2,527.3,6,80.7,6,2,7,CMGC,www.icoa.fr/pkidb/static/img/mol/Dactolisib.svg
Dovitinib,CHEMBL522892,Smiles=CN1CCN(CC1)c2ccc3c(c2)[nH]c(n3)c4c(c5c(cccc5F)[nH]c4=O)N,InChiKey=PIQCTGMSNWUMAF-UHFFFAOYSA-N,0,392.2,2.5,94,5,3,2,"(*)
Tyr",www.icoa.fr/pkidb/static/img/mol/Danusertib.svg
Duvelisib,CHEMBL3039502,Smiles=C[C@@H](c1cc2cccc(c2c(=O)n1c3ccccc3)Cl)Nc4c5c([nH]cn5)ncn4,InChiKey=SJVQHLPISAIATJ-ZDUSSCGKSA-N,0,416.1,4.5,88.5,6,2,4,Atypical,www.icoa.fr/pkidb/static/img/mol/Dasatinib.svg
Encorafenib,CHEMBL3301612,Smiles=C[C@@H](CNc1nccc(n1)c2cn(nc2c3cc(cc(c3F)NS(=O)(=O)C)Cl)C(C)C)NC(=O)OC,InChiKey=CMJCXYNUCSMDBY-ZDUSSCGKSA-N,1,539.2,3.9,140.1,9,3,9,TKL,www.icoa.fr/pkidb/static/img/mol/Decernotinib.svg
Ensartinib,CHEMBL4113131,Smiles=C[C@@H]1CN(C[C@@H](N1)C)C(=O)c2ccc(cc2)NC(=O)c3cc(c(nn3)N)O[C@H](C)c4c(ccc(c4Cl)F)Cl,InChiKey=GLYMPHUVMRFTFV-QLFBSQMISA-N,1,560.2,4.7,122.5,7,3,6,Tyr,www.icoa.fr/pkidb/static/img/mol/Defactinib.svg
Entospletinib,CHEMBL3265032,Smiles=c1cc(ccc1Nc2c3nccn3cc(n2)c4ccc5cn[nH]c5c4)N6CCOCC6,InChiKey=XSMSNFMDVXXHGJ-UHFFFAOYSA-N,0,411.2,3.9,83.4,7,2,4,Tyr,www.icoa.fr/pkidb/static/img/mol/Derazantinib.svg
Entrectinib,CHEMBL1983268,Smiles=CN1CCN(CC1)c2ccc(c(c2)NC3CCOCC3)C(=O)Nc4c5cc(ccc5[nH]n4)Cc6cc(cc(c6)F)F,InChiKey=HAYYBYPASCDWEQ-UHFFFAOYSA-N,2,560.3,5,85.5,6,3,7,Tyr,www.icoa.fr/pkidb/static/img/mol/Dezapelisib.svg
Enzastaurin,CHEMBL300138,Smiles=Cn1cc(c2c1cccc2)C3=C(C(=O)NC3=O)c4cn(c5c4cccc5)C6CCN(CC6)Cc7ccccn7,InChiKey=AXRCEOKUDYDWLF-UHFFFAOYSA-N,1,515.2,4.9,72.2,6,1,5,,www.icoa.fr/pkidb/static/img/mol/Dilmapimod.svg
Erdafitinib,CHEMBL3545376,Smiles=CC(C)NCCN(c1ccc2c(c1)nc(cn2)c3cnn(c3)C)c4cc(cc(c4)OC)OC,InChiKey=OLAHOMJCDNXHFI-UHFFFAOYSA-N,0,446.2,4.2,77.3,8,1,9,Tyr,www.icoa.fr/pkidb/static/img/mol/Dinaciclib.svg
Erlotinib,CHEMBL553,Smiles=COCCOc1cc2c(cc1OCCOC)ncnc2Nc3cccc(c3)C#C,InChiKey=AAKJLRGGTJKAMG-UHFFFAOYSA-N,0,393.2,3.4,74.7,7,1,10,"(*)
Tyr",www.icoa.fr/pkidb/static/img/mol/Doramapimod.svg
Evobrutinib,CHEMBL4072833,Smiles=C=CC(=O)N1CCC(CC1)CNc2c(c(ncn2)N)c3ccc(cc3)Oc4ccccc4,InChiKey=QUIWHXQETADMGN-UHFFFAOYSA-N,0,429.2,4.4,93.4,6,2,7,Tyr,www.icoa.fr/pkidb/static/img/mol/Dovitinib.svg
Famitinib,CHEMBL1278146,Smiles=CCN(CC)CCN1CCc2c(c(c([nH]2)/C=C\3/c4cc(ccc4NC3=O)F)C)C1=O,InChiKey=GKEYKDOLBLYGRB-LGMDPLHJSA-N,0,410.2,3.3,68.4,3,2,6,Tyr,www.icoa.fr/pkidb/static/img/mol/Duvelisib.svg
Fasudil,CHEMBL38380,Smiles=c1cc2cnccc2c(c1)S(=O)(=O)N3CCCNCC3,InChiKey=NGOGFTYYXHNFQH-UHFFFAOYSA-N,0,291.1,1.2,62.3,4,1,2,,www.icoa.fr/pkidb/static/img/mol/Encorafenib.svg
Fedratinib,CHEMBL1287853,Smiles=Cc1cnc(nc1Nc2cccc(c2)S(=O)(=O)NC(C)(C)C)Nc3ccc(cc3)OCCN4CCCC4,InChiKey=JOOXLOJCABQBSG-UHFFFAOYSA-N,1,524.3,4.8,108.5,8,3,10,"(*)
Tyr",www.icoa.fr/pkidb/static/img/mol/Ensartinib.svg
Filgotinib,CHEMBL3301607,Smiles=c1cc(n2c(c1)nc(n2)NC(=O)C3CC3)c4ccc(cc4)CN5CCS(=O)(=O)CC5,InChiKey=RIJLVEAXPNLDTC-UHFFFAOYSA-N,0,425.2,2,96.7,7,1,5,Tyr,www.icoa.fr/pkidb/static/img/mol/Entospletinib.svg
Flumatinib,CHEMBL3545413,Smiles=Cc1c(cc(cn1)NC(=O)c2ccc(c(c2)C(F)(F)F)CN3CCN(CC3)C)Nc4nccc(n4)c5cccnc5,InChiKey=BJCJYEYYYGBROF-UHFFFAOYSA-N,2,562.2,5,99.2,8,2,7,"Atypical
Tyr",www.icoa.fr/pkidb/static/img/mol/Entrectinib.svg
Foretinib,CHEMBL1230609,Smiles=COc1cc2c(ccnc2cc1OCCCN3CCOCC3)Oc4ccc(cc4F)NC(=O)C5(CC5)C(=O)Nc6ccc(cc6)F,InChiKey=CXQHYVUVSFXTMY-UHFFFAOYSA-N,2,632.2,5.8,111.2,8,2,12,Tyr,www.icoa.fr/pkidb/static/img/mol/Enzastaurin.svg
Fostamatinib,CHEMBL2103830,Smiles=CC1(C(=O)N(c2c(ccc(n2)Nc3c(cnc(n3)Nc4cc(c(c(c4)OC)OC)OC)F)O1)COP(=O)(O)O)C,InChiKey=GKDRMWXFWHEQQT-UHFFFAOYSA-N,2,580.1,3.1,186.7,12,4,10,Tyr,www.icoa.fr/pkidb/static/img/mol/Erdafitinib.svg
Galunisertib,CHEMBL2364611,Smiles=Cc1cccc(n1)c2c(c3n(n2)CCC3)c4ccnc5c4cc(cc5)C(=O)N,InChiKey=IVRXNBXKWIJUQB-UHFFFAOYSA-N,0,369.2,3.5,86.7,5,1,3,TKL,www.icoa.fr/pkidb/static/img/mol/Erlotinib.svg
Gandotinib,CHEMBL2107823,Smiles=Cc1cc(n[nH]1)Nc2cc(c3nc(c(n3n2)Cc4ccc(cc4F)Cl)C)CN5CCOCC5,InChiKey=SQSZANZGUXWJEA-UHFFFAOYSA-N,0,469.2,4,83.4,7,2,6,Tyr,www.icoa.fr/pkidb/static/img/mol/Evobrutinib.svg
Gedatolisib,CHEMBL592445,Smiles=CN(C)C1CCN(CC1)C(=O)c2ccc(cc2)NC(=O)Nc3ccc(cc3)c4nc(nc(n4)N5CCOCC5)N6CCOCC6,InChiKey=DWZAEMINVBZMHQ-UHFFFAOYSA-N,1,615.3,3,128.3,10,2,7,Atypical,www.icoa.fr/pkidb/static/img/mol/Famitinib.svg
Gefitinib,CHEMBL939,Smiles=COc1cc2c(cc1OCCCN3CCOCC3)c(ncn2)Nc4ccc(c(c4)Cl)F,InChiKey=XGALLCVXEZPNRQ-UHFFFAOYSA-N,0,446.2,4.3,68.7,7,1,8,Tyr,www.icoa.fr/pkidb/static/img/mol/Fasudil.svg
Gilteritinib,CHEMBL3301622,Smiles=CCc1c(nc(c(n1)C(=O)N)Nc2ccc(c(c2)OC)N3CCC(CC3)N4CCN(CC4)C)NC5CCOCC5,InChiKey=GYQYAJJFPNQOOW-UHFFFAOYSA-N,1,552.4,2.7,121.1,10,3,9,Tyr,www.icoa.fr/pkidb/static/img/mol/Fedratinib.svg
Glesatinib,CHEMBL3989914,Smiles=COCCNCc1ccc(nc1)c2cc3c(s2)c(ccn3)Oc4ccc(cc4F)NC(=S)NC(=O)Cc5ccc(cc5)F,InChiKey=YRCHYHRCBXNYNU-UHFFFAOYSA-N,2,619.2,6.2,97.4,8,3,11,Tyr,www.icoa.fr/pkidb/static/img/mol/Filgotinib.svg
Golvatinib,CHEMBL3039525,Smiles=CN1CCN(CC1)C2CCN(CC2)C(=O)Nc3cc(ccn3)Oc4ccc(c(c4)F)NC(=O)C5(CC5)C(=O)Nc6ccc(cc6)F,InChiKey=UQRCJCNVNUFYDX-UHFFFAOYSA-N,1,633.3,4.8,119.1,7,3,8,Tyr,www.icoa.fr/pkidb/static/img/mol/Flumatinib.svg
Henatinib,CHEMBL1277072,Smiles=Cc1c([nH]c2c1C(=O)N(CCC2)C[C@@H](CN3CCOCC3)O)/C=C\4/c5cc(ccc5NC4=O)F,InChiKey=MCTXSDCWFQAGFS-UEXNTNOUSA-N,0,468.2,2,97.9,5,3,5,Tyr,www.icoa.fr/pkidb/static/img/mol/Foretinib.svg
Ibrutinib,CHEMBL1873475,Smiles=C=CC(=O)N1CCC[C@H](C1)n2c3c(c(n2)c4ccc(cc4)Oc5ccccc5)c(ncn3)N,InChiKey=XYFPWWZEPKGCCK-GOSISDBHSA-N,0,440.2,4.2,99.2,7,1,5,Tyr,www.icoa.fr/pkidb/static/img/mol/Fostamatinib.svg
Icotinib,CHEMBL2087361,Smiles=C#Cc1cccc(c1)Nc2c3cc4c(cc3ncn2)OCCOCCOCCO4,InChiKey=QQLKULDARVNMAL-UHFFFAOYSA-N,0,391.2,3.2,74.7,7,1,2,Tyr,www.icoa.fr/pkidb/static/img/mol/Fruquintinib.svg
Idelalisib,CHEMBL2216870,Smiles=CC[C@@H](c1nc2cccc(c2c(=O)n1c3ccccc3)F)Nc4c5c([nH]cn5)ncn4,InChiKey=IFSDAJWBUCMOAH-HNNXBMFYSA-N,0,415.2,3.8,101.4,7,2,5,Atypical,www.icoa.fr/pkidb/static/img/mol/Galunisertib.svg
Ilorasertib,CHEMBL1980297,Smiles=c1cc(cc(c1)F)NC(=O)Nc2ccc(cc2)c3csc4c3c(ncc4c5cnn(c5)CCO)N,InChiKey=WPHKIQPVPYJNAX-UHFFFAOYSA-N,1,488.1,5.2,118.1,7,4,6,"Tyr
Other",www.icoa.fr/pkidb/static/img/mol/Gandotinib.svg
Imatinib,CHEMBL941,Smiles=Cc1ccc(cc1Nc2nccc(n2)c3cccnc3)NC(=O)c4ccc(cc4)CN5CCN(CC5)C,InChiKey=KTUFNOKKBVMGRW-UHFFFAOYSA-N,0,493.3,4.6,86.3,7,2,7,Tyr,www.icoa.fr/pkidb/static/img/mol/Gedatolisib.svg
Infigratinib,CHEMBL1852688,Smiles=CCN1CCN(CC1)c2ccc(cc2)Nc3cc(ncn3)N(C)C(=O)Nc4c(c(cc(c4Cl)OC)OC)Cl,InChiKey=QADPYRIHXKWUSV-UHFFFAOYSA-N,2,559.2,5.4,95.1,8,2,8,Tyr,www.icoa.fr/pkidb/static/img/mol/Gefitinib.svg
Ipatasertib,CHEMBL2177390,Smiles=C[C@@H]1C[C@H](c2c1c(ncn2)N3CCN(CC3)C(=O)[C@H](CNC(C)C)c4ccc(cc4)Cl)O,InChiKey=GRZXWCHAXNAUHY-NSISKUIASA-N,0,457.2,3.1,81.6,6,2,6,AGC,www.icoa.fr/pkidb/static/img/mol/Gilteritinib.svg
Itacitinib,CHEMBL3622820,Smiles=c1cnc-2[nH]cnc(c12)c3cnn(c3)C4(CN(C4)C5CCN(CC5)C(=O)c6ccnc(c6F)C(F)(F)F)CC#N,InChiKey=KTBSXLIQKWEBRB-UHFFFAOYSA-N,1,553.2,3.6,119.6,8,1,5,Tyr,www.icoa.fr/pkidb/static/img/mol/Glesatinib.svg
Lapatinib,CHEMBL554,Smiles=CS(=O)(=O)CCNCc1ccc(o1)c2ccc3c(c2)c(ncn3)Nc4ccc(c(c4)Cl)OCc5cccc(c5)F,InChiKey=BCFGMOOMADDAQU-UHFFFAOYSA-N,2,580.1,6.1,106.4,8,2,11,Tyr,www.icoa.fr/pkidb/static/img/mol/Golvatinib.svg
Larotrectinib,CHEMBL3889654,Smiles=c1cc(c(cc1F)[C@H]2CCCN2c3ccn4c(n3)c(cn4)NC(=O)N5CC[C@@H](C5)O)F,InChiKey=NYNZQNWKBKUAII-KBXCAEBGSA-N,0,428.2,2.9,86,6,2,3,Tyr,www.icoa.fr/pkidb/static/img/mol/Henatinib.svg
Leniolisib,CHEMBL3643413,Smiles=CCC(=O)N1CC[C@@H](C1)Nc2c3c(ncn2)CCN(C3)c4cc(c(nc4)OC)C(F)(F)F,InChiKey=MWKYMZXCGYXLPL-ZDUSSCGKSA-N,0,450.2,2.9,83.5,7,1,5,,www.icoa.fr/pkidb/static/img/mol/Ibrutinib.svg
Lenvatinib,CHEMBL1289601,Smiles=COc1cc2c(cc1C(=O)N)c(ccn2)Oc3ccc(c(c3)Cl)NC(=O)NC4CC4,InChiKey=WOSKHXYHFSIKNG-UHFFFAOYSA-N,0,426.1,4.1,115.6,5,3,6,Tyr,www.icoa.fr/pkidb/static/img/mol/Icotinib.svg
Lestaurtinib,CHEMBL603469,Smiles=C[C@@]12[C@](C[C@@H](O1)n3c4ccccc4c5c3c6n2c7ccccc7c6c8c5C(=O)NC8)(CO)O,InChiKey=UIARLYUEJFELEN-LROUJFHJSA-N,0,439.2,3.5,88.7,6,3,1,Tyr,www.icoa.fr/pkidb/static/img/mol/Idelalisib.svg
Linifanib,CHEMBL223360,Smiles=Cc1ccc(c(c1)NC(=O)Nc2ccc(cc2)c3cccc4c3c(n[nH]4)N)F,InChiKey=MPVGZUGXCQEXTM-UHFFFAOYSA-N,0,375.1,4.9,95.8,3,4,3,Tyr,www.icoa.fr/pkidb/static/img/mol/Ilorasertib.svg
Linsitinib,CHEMBL1091644,Smiles=C[C@]1(C[C@@H](C1)c2n3c(c(ncc3)N)c(n2)c4cc5nc(ccc5cc4)c6ccccc6)O,InChiKey=PKCDDUHJAFVJJB-VLZXCDOPSA-N,0,421.2,4.8,89.3,6,2,3,Tyr,www.icoa.fr/pkidb/static/img/mol/Imatinib.svg
Lorlatinib,CHEMBL3286830,Smiles=C[C@@H]1c2cc(ccc2C(=O)N(Cc3c(c(n(n3)C)C#N)-c4cc(c(nc4)N)O1)C)F,InChiKey=IIXWYSCJSQVBQM-LLVKDONJSA-N,0,406.2,2.8,110.1,7,1,0,Tyr,www.icoa.fr/pkidb/static/img/mol/Infigratinib.svg
Losmapimod,CHEMBL1088752,Smiles=Cc1c(cc(cc1F)C(=O)NC2CC2)c3ccc(cn3)C(=O)NCC(C)(C)C,InChiKey=KKYABQBFGDZVNQ-UHFFFAOYSA-N,0,383.2,3.9,71.1,3,2,5,CMGC,www.icoa.fr/pkidb/static/img/mol/Ipatasertib.svg
Lucitanib,CHEMBL2220486,Smiles=CNC(=O)c1cccc2c1ccc(c2)Oc3ccnc4c3cc(c(c4)OCC5(CC5)N)OC,InChiKey=CUDVHEFYRIWYQD-UHFFFAOYSA-N,0,443.2,4.4,95.7,6,2,7,Tyr,www.icoa.fr/pkidb/static/img/mol/Itacitinib.svg
Masitinib,CHEMBL1908391,Smiles=Cc1ccc(cc1Nc2nc(cs2)c3cccnc3)NC(=O)c4ccc(cc4)CN5CCN(CC5)C,InChiKey=WJEOLQLKVOPQFV-UHFFFAOYSA-N,1,498.2,5.3,73.4,7,2,7,Tyr,www.icoa.fr/pkidb/static/img/mol/Lapatinib.svg
Mavelertinib,CHEMBL3989970,Smiles=Cn1cc(c(n1)OC)Nc2c3c(nc(n2)N4C[C@H]([C@@H](C4)F)NC(=O)C=C)n(cn3)C,InChiKey=JYIUNVOCEFIUIU-GHMZBOCLSA-N,0,415.2,0.7,115,10,2,6,,www.icoa.fr/pkidb/static/img/mol/Larotrectinib.svg
Merestinib,CHEMBL3545307,Smiles=Cc1ccc(c(=O)n1c2ccc(cc2)F)C(=O)Nc3ccc(c(c3)F)Oc4cc5cnn(c5cc4c6c[nH]nc6)C,InChiKey=QHADVLVFMKEIIP-UHFFFAOYSA-N,2,552.2,5.7,106.8,7,2,6,Tyr,www.icoa.fr/pkidb/static/img/mol/Lazertinib.svg
Midostaurin,CHEMBL608533,Smiles=C[C@@]12[C@@H]([C@@H](C[C@@H](O1)n3c4ccccc4c5c3c6n2c7ccccc7c6c8c5C(=O)NC8)N(C)C(=O)c9ccccc9)OC,InChiKey=BMGQWWVMWDBQGC-IIFHNQTCSA-N,2,570.2,5.9,77.7,6,1,3,,www.icoa.fr/pkidb/static/img/mol/Leniolisib.svg
Milciclib,CHEMBL564829,Smiles=CC1(Cc2cnc(nc2-c3c1c(nn3C)C(=O)NC)Nc4ccc(cc4)N5CCN(CC5)C)C,InChiKey=RXZMYLDMFYNEIM-UHFFFAOYSA-N,0,460.3,2.6,91.2,8,2,4,"Tyr
CMGC",www.icoa.fr/pkidb/static/img/mol/Lenvatinib.svg
Momelotinib,CHEMBL1078178,Smiles=c1cc(ccc1c2ccnc(n2)Nc3ccc(cc3)N4CCOCC4)C(=O)NCC#N,InChiKey=ZVHNDZWQTBEVRY-UHFFFAOYSA-N,0,414.2,3,103.2,7,2,6,Tyr,www.icoa.fr/pkidb/static/img/mol/Lestaurtinib.svg
Motesanib,CHEMBL572881,Smiles=CC1(CNc2c1ccc(c2)NC(=O)c3cccnc3NCc4ccncc4)C,InChiKey=RAHBGWKEPAQNFF-UHFFFAOYSA-N,0,373.2,4,78.9,5,3,5,Tyr,www.icoa.fr/pkidb/static/img/mol/Linifanib.svg
Mubritinib,CHEMBL1614707,Smiles=c1cc(ccc1CCCCn2ccnn2)OCc3coc(n3)/C=C/c4ccc(cc4)C(F)(F)F,InChiKey=ZTFBIUXIQYRUNT-MDWZMJQESA-N,1,468.2,6.1,66,6,0,10,Tyr,www.icoa.fr/pkidb/static/img/mol/Linsitinib.svg
Naquotinib,CHEMBL3663929,Smiles=CCc1c(nc(c(n1)C(=O)N)Nc2ccc(cc2)N3CCC(CC3)N4CCN(CC4)C)O[C@@H]5CCN(C5)C(=O)C=C,InChiKey=QKDCLUARMDUUKN-XMMPIXPASA-N,1,562.3,2.3,120.2,9,2,9,Tyr,www.icoa.fr/pkidb/static/img/mol/Lorlatinib.svg
Nazartinib,CHEMBL3787344,Smiles=Cc1cc(ccn1)C(=O)Nc2nc3cccc(c3n2[C@@H]4CCCCN(C4)C(=O)/C=C/CN(C)C)Cl,InChiKey=IOMMMLWIABWRKL-WUTDNEBXSA-N,0,494.2,4.3,83.4,6,1,6,,www.icoa.fr/pkidb/static/img/mol/Losmapimod.svg
Neflamapimod,CHEMBL119385,Smiles=c1cc(c(c(c1)Cl)c2c3ccc(nn3cnc2=O)Sc4ccc(cc4F)F)Cl,InChiKey=VEPKQEUBKLEPRA-UHFFFAOYSA-N,1,435,5.5,47.3,5,0,3,CMGC,www.icoa.fr/pkidb/static/img/mol/Lucitanib.svg
Nemiralisib,CHEMBL2216859,Smiles=CC(C)N1CCN(CC1)Cc2cnc(o2)c3cc(cc4c3cn[nH]4)c5cccc6c5cc[nH]6,InChiKey=MCIDWGZGWVSZMK-UHFFFAOYSA-N,0,440.2,4.9,77,5,2,5,,www.icoa.fr/pkidb/static/img/mol/Masitinib.svg
Neratinib,CHEMBL180022,Smiles=CCOc1cc2c(cc1NC(=O)/C=C/CN(C)C)c(c(cn2)C#N)Nc3ccc(c(c3)Cl)OCc4ccccn4,InChiKey=JWNPDZNEKVCWMY-VQHVLOKHSA-N,2,556.2,5.9,112.4,8,2,11,Tyr,www.icoa.fr/pkidb/static/img/mol/Mavelertinib.svg
Nilotinib,CHEMBL255863,Smiles=Cc1ccc(cc1Nc2nccc(n2)c3cccnc3)C(=O)Nc4cc(cc(c4)n5cc(nc5)C)C(F)(F)F,InChiKey=HHZIURLSWUIHRB-UHFFFAOYSA-N,2,529.2,6.4,97.6,7,2,6,Tyr,www.icoa.fr/pkidb/static/img/mol/Merestinib.svg
Ningetinib,CHEMBL3984441,Smiles=Cc1c(c(=O)n(n1C)c2ccccc2)C(=O)Nc3ccc(c(c3)F)Oc4ccnc5c4ccc(c5)OCC(C)(C)O,InChiKey=VQYYQSZNRVQLIS-UHFFFAOYSA-N,2,556.2,5.4,107.6,8,2,8,,www.icoa.fr/pkidb/static/img/mol/Midostaurin.svg
Nintedanib,CHEMBL502835,Smiles=CN1CCN(CC1)CC(=O)N(C)c2ccc(cc2)N/C(=C\3/c4ccc(cc4NC3=O)C(=O)OC)/c5ccccc5,InChiKey=XZXHXSATPCNXJR-ZIADKAODSA-N,1,539.3,3.6,94.2,7,2,7,Tyr,www.icoa.fr/pkidb/static/img/mol/Milciclib.svg
Oclacitinib,CHEMBL2103874,Smiles=CNS(=O)(=O)C[C@H]1CC[C@@H](CC1)N(c2ncnc3c2cc[nH]3)C,InChiKey=HJWLJNBZVZDLAQ-HAQNSBGRSA-N,0,337.2,1.5,91,5,2,5,Tyr,www.icoa.fr/pkidb/static/img/mol/Momelotinib.svg
Olmutinib,CHEMBL3786343,Smiles=CN1CCN(CC1)c2ccc(cc2)Nc3nc4ccsc4c(n3)Oc5cccc(c5)NC(=O)C=C,InChiKey=FDMQDKQUTRLUBU-UHFFFAOYSA-N,1,486.2,5.1,82.6,8,2,7,Tyr,www.icoa.fr/pkidb/static/img/mol/Motesanib.svg
Omipalisib,CHEMBL1236962,Smiles=COc1c(cc(cn1)c2ccc3c(c2)c(ccn3)c4ccnnc4)NS(=O)(=O)c5ccc(cc5F)F,InChiKey=CGBJSGAELGCMKE-UHFFFAOYSA-N,1,505.1,4.8,107,7,1,6,Atypical,www.icoa.fr/pkidb/static/img/mol/Mubritinib.svg
Orantinib,CHEMBL274654,Smiles=Cc1c(c([nH]c1/C=C\2/c3ccccc3NC2=O)C)CCC(=O)O,InChiKey=NHFDRBXTEDBWCZ-ZROIWOOFSA-N,0,310.1,3.1,82.2,2,3,4,Tyr,www.icoa.fr/pkidb/static/img/mol/Naquotinib.svg
Osimertinib,CHEMBL3353410,Smiles=Cn1cc(c2c1cccc2)c3ccnc(n3)Nc4cc(c(cc4OC)N(C)CCN(C)C)NC(=O)C=C,InChiKey=DUYJMQONPNNFPI-UHFFFAOYSA-N,0,499.3,4.5,87.6,8,2,10,Tyr,www.icoa.fr/pkidb/static/img/mol/Nazartinib.svg
Pacritinib,CHEMBL2035187,Smiles=c1cc2cc(c1)-c3ccnc(n3)Nc4ccc(c(c4)COC/C=C/COC2)OCCN5CCCC5,InChiKey=HWXVIOGONBBTBY-ONEGZZNKSA-N,0,472.2,5,68.7,7,1,4,Tyr,www.icoa.fr/pkidb/static/img/mol/Neflamapimod.svg
Palbociclib,CHEMBL189963,Smiles=Cc1c2cnc(nc2n(c(=O)c1C(=O)C)C3CCCC3)Nc4ccc(cn4)N5CCNCC5,InChiKey=AHJRHEGDXFFMBM-UHFFFAOYSA-N,0,447.2,3,105,9,2,5,CMGC,www.icoa.fr/pkidb/static/img/mol/Nemiralisib.svg
Pamapimod,CHEMBL1090089,Smiles=Cn1c2c(cc(c1=O)Oc3ccc(cc3F)F)cnc(n2)NC(CCO)CCO,InChiKey=JYYLVUFNAHSSFE-UHFFFAOYSA-N,0,406.1,1.9,109.5,8,3,8,CMGC,www.icoa.fr/pkidb/static/img/mol/Neratinib.svg
Pazopanib,CHEMBL477772,Smiles=Cc1ccc(cc1S(=O)(=O)N)Nc2nccc(n2)N(C)c3ccc4c(n(nc4c3)C)C,InChiKey=CUIHSIWYWATEQL-UHFFFAOYSA-N,0,437.2,3.1,119,8,2,5,Tyr,www.icoa.fr/pkidb/static/img/mol/Netarsudil.svg
Pelitinib,CHEMBL607707,Smiles=CCOc1cc2c(cc1NC(=O)/C=C/CN(C)C)c(c(cn2)C#N)Nc3ccc(c(c3)Cl)F,InChiKey=WVUNYSQLFKLYNI-AATRIKPKSA-N,1,467.2,5.1,90.3,6,2,8,Tyr,www.icoa.fr/pkidb/static/img/mol/Nilotinib.svg
Pexidartinib,CHEMBL3813873,Smiles=c1cc(ncc1Cc2c[nH]c3c2cc(cn3)Cl)NCc4ccc(nc4)C(F)(F)F,InChiKey=JGWRKYUXBBNENE-UHFFFAOYSA-N,1,417.1,5.2,66.5,4,2,5,Tyr,www.icoa.fr/pkidb/static/img/mol/Ningetinib.svg
Pexmetinib,CHEMBL3991932,Smiles=Cc1ccc(cc1)n2c(cc(n2)C(C)(C)C)NC(=O)NCc3cc(ccc3Oc4ccc5c(c4)cnn5CCO)F,InChiKey=LNMRSSIMGCDUTP-UHFFFAOYSA-N,2,556.3,6.1,106.2,7,3,8,"Tyr
CMGC",www.icoa.fr/pkidb/static/img/mol/Nintedanib.svg
Pictilisib,CHEMBL521851,Smiles=CS(=O)(=O)N1CCN(CC1)Cc2cc3c(s2)c(nc(n3)c4cccc5c4cn[nH]5)N6CCOCC6,InChiKey=LHNIIDJUOCFXAP-UHFFFAOYSA-N,1,513.2,2.1,107.6,9,1,5,Atypical,www.icoa.fr/pkidb/static/img/mol/Oclacitinib.svg
Pilaralisib,CHEMBL3360203,Smiles=CC(C)(C(=O)Nc1cccc(c1)S(=O)(=O)Nc2c(nc3ccccc3n2)Nc4cc(ccc4Cl)OC)N,InChiKey=QINPEPAQOBZPOF-UHFFFAOYSA-N,1,540.1,4.5,148.3,8,4,8,Atypical,www.icoa.fr/pkidb/static/img/mol/Olmutinib.svg
Pimasertib,CHEMBL2107832,Smiles=c1cc(c(cc1I)F)Nc2cnccc2C(=O)NC[C@@H](CO)O,InChiKey=VIUAUNHCRHHYNE-JTQLQIEISA-N,0,431,1.7,94.5,5,4,6,STE,www.icoa.fr/pkidb/static/img/mol/Omipalisib.svg
Ponatinib,CHEMBL1171837,Smiles=Cc1ccc(cc1C#Cc2cnc3n2nccc3)C(=O)Nc4ccc(c(c4)C(F)(F)F)CN5CCN(CC5)C,InChiKey=PHXJVRSECIGDHY-UHFFFAOYSA-N,1,532.2,4.5,65.8,6,1,4,"Atypical
Tyr",www.icoa.fr/pkidb/static/img/mol/Orantinib.svg
Poziotinib,CHEMBL3545154,Smiles=COc1cc2c(cc1OC3CCN(CC3)C(=O)C=C)c(ncn2)Nc4ccc(c(c4F)Cl)Cl,InChiKey=LPFWVDIFUFFKJU-UHFFFAOYSA-N,1,490.1,5.4,76.6,6,1,6,Tyr,www.icoa.fr/pkidb/static/img/mol/Osimertinib.svg
Prexasertib,CHEMBL3544911,Smiles=COc1cccc(c1c2cc(n[nH]2)Nc3cnc(cn3)C#N)OCCCN,InChiKey=DOTGPNHGTYJDEP-UHFFFAOYSA-N,0,365.2,2.2,134.8,8,3,8,CAMK,www.icoa.fr/pkidb/static/img/mol/Pacritinib.svg
Pyrotinib,CHEMBL3647420,Smiles=CCOc1cc2c(cc1NC(=O)/C=C/[C@H]3CCCN3C)c(c(cn2)C#N)Nc4ccc(c(c4)Cl)OCc5ccccn5,InChiKey=SADXACCFNXBCFY-IYNHSRRRSA-N,2,582.2,6.5,112.4,8,2,10,Tyr,www.icoa.fr/pkidb/static/img/mol/Palbociclib.svg
Quizartinib,CHEMBL576982,Smiles=CC(C)(C)c1cc(no1)NC(=O)Nc2ccc(cc2)c3cn4c5ccc(cc5sc4n3)OCCN6CCOCC6,InChiKey=CVWXJKQAOSCOAB-UHFFFAOYSA-N,2,560.2,5.9,106.2,9,2,7,Tyr,www.icoa.fr/pkidb/static/img/mol/Pamapimod.svg
Rabusertib,CHEMBL3039517,Smiles=Cc1cc(c(cc1Br)NC(=O)Nc2cnc(cn2)C)OC[C@@H]3CNCCO3,InChiKey=SYYBDNPGDKKJDU-ZDUSSCGKSA-N,0,435.1,2.9,97.4,6,3,5,CAMK,www.icoa.fr/pkidb/static/img/mol/Panulisib.svg
Ralimetinib,CHEMBL2364626,Smiles=CC(C)(C)Cn1c2c(ccc(n2)c3c(nc([nH]3)C(C)(C)C)c4ccc(cc4)F)nc1N,InChiKey=XPPBBJCBDOEXDN-UHFFFAOYSA-N,1,420.2,5.6,85.4,5,2,3,CMGC,www.icoa.fr/pkidb/static/img/mol/Parsaclisib.svg
Ravoxertinib,CHEMBL3544964,Smiles=Cn1c(ccn1)Nc2nccc(n2)c3ccn(c(=O)c3)[C@H](CO)c4ccc(c(c4)F)Cl,InChiKey=RZUOCXOYPYGSKL-GOSISDBHSA-N,0,440.1,3.2,97.9,8,2,6,,www.icoa.fr/pkidb/static/img/mol/Pazopanib.svg
Rebastinib,CHEMBL1738757,Smiles=CC(C)(C)c1cc(n(n1)c2ccc3c(c2)cccn3)NC(=O)Nc4ccc(cc4F)Oc5ccnc(c5)C(=O)NC,InChiKey=WVXNSAVVKYZVOE-UHFFFAOYSA-N,2,553.2,6,123.1,7,3,6,"Atypical
Tyr",www.icoa.fr/pkidb/static/img/mol/Peficitinib.svg
Recilisib,CHEMBL2219421,Smiles=c1cc(ccc1CS(=O)(=O)/C=C/c2ccc(cc2)C(=O)O)Cl,InChiKey=KBEKQQJUNVQLDZ-MDZDMXLPSA-N,0,336,3.6,71.4,3,1,5,,www.icoa.fr/pkidb/static/img/mol/Pelitinib.svg
Refametinib,CHEMBL1236682,Smiles=COc1cc(c(c(c1NS(=O)(=O)C2(CC2)C[C@@H](CO)O)Nc3ccc(cc3F)I)F)F,InChiKey=RDSACQWTXKSHJT-NSHDSACASA-N,1,572,3.5,107.9,6,4,9,STE,www.icoa.fr/pkidb/static/img/mol/Pexidartinib.svg
Regorafenib,CHEMBL1946170,Smiles=CNC(=O)c1cc(ccn1)Oc2ccc(c(c2)F)NC(=O)Nc3ccc(c(c3)C(F)(F)F)Cl,InChiKey=FNHKPVJBJVTLMP-UHFFFAOYSA-N,1,482.1,5.7,92.3,4,3,5,"TKL
Tyr
CMGC",www.icoa.fr/pkidb/static/img/mol/Pexmetinib.svg
Ribociclib,CHEMBL3545110,Smiles=CN(C)C(=O)c1cc2cnc(nc2n1C3CCCC3)Nc4ccc(cn4)N5CCNCC5,InChiKey=RHXHGRAEPCAFML-UHFFFAOYSA-N,0,434.3,2.8,91.2,8,2,5,CMGC,www.icoa.fr/pkidb/static/img/mol/Pictilisib.svg
Rigosertib,CHEMBL1241855,Smiles=COc1ccc(cc1NCC(=O)O)CS(=O)(=O)/C=C/c2c(cc(cc2OC)OC)OC,InChiKey=OWBFCJROIKNMGD-BQYQJAHWSA-N,0,451.1,2.8,120.4,8,2,11,"Atypical
Other",www.icoa.fr/pkidb/static/img/mol/Pilaralisib.svg
Ripasudil,CHEMBL3426621,Smiles=C[C@H]1CNCCCN1S(=O)(=O)c2cccc3c2c(cnc3)F,InChiKey=QSKQVZWVLOIIEV-NSHDSACASA-N,0,323.1,1.7,62.3,4,1,2,,www.icoa.fr/pkidb/static/img/mol/Pimasertib.svg
Riviciclib,CHEMBL3969723,Smiles=CN1CC[C@H]([C@@H]1CO)c2c(cc(c3c2oc(cc3=O)c4ccccc4Cl)O)O,InChiKey=QLUYMIVVAYRECT-OCCSQVGLSA-N,0,401.1,3.3,94.1,6,3,3,CMGC,www.icoa.fr/pkidb/static/img/mol/Ponatinib.svg
Rivoceranib,CHEMBL3545414,Smiles=CS(=O)(=O)O.c1cc(c(nc1)NCc2ccncc2)C(=O)Nc3ccc(cc3)C4(CCCC4)C#N,InChiKey=FYJROXRIVQPKRY-UHFFFAOYSA-N,0,493.2,4.2,145.1,7,3,6,,www.icoa.fr/pkidb/static/img/mol/Poziotinib.svg
Rociletinib,CHEMBL3545308,Smiles=CC(=O)N1CCN(CC1)c2ccc(c(c2)OC)Nc3ncc(c(n3)Nc4cccc(c4)NC(=O)C=C)C(F)(F)F,InChiKey=HUFOZJXAKZVRNJ-UHFFFAOYSA-N,1,555.2,4.8,111.7,8,3,8,Tyr,www.icoa.fr/pkidb/static/img/mol/Pralsetinib.svg
Rogaratinib,CHEMBL3963485,Smiles=Cc1cc2cc(sc2c(c1)OC)c3c(c(n4c3c(ncn4)N)CN5CCNC(=O)C5)COC,InChiKey=HNLRRJSKGXOYNO-UHFFFAOYSA-N,0,466.2,2.6,107,9,2,6,,www.icoa.fr/pkidb/static/img/mol/Prexasertib.svg
Ruboxistaurin,CHEMBL91829,Smiles=CN(C)C[C@@H]1CCn2cc(c3c2cccc3)C4=C(c5cn(c6c5cccc6)CCO1)C(=O)NC4=O,InChiKey=ZCBUQCWBWNUWSU-SFHVURJKSA-N,0,468.2,3.5,68.5,6,1,2,,www.icoa.fr/pkidb/static/img/mol/Pyrotinib.svg
Ruxolitinib,CHEMBL1789941,Smiles=c1c[nH]c2c1c(ncn2)c3cnn(c3)[C@H](CC#N)C4CCCC4,InChiKey=HFNKQEVNSGCOJV-OAHLLOKOSA-N,0,306.2,3.5,83.2,5,1,4,Tyr,www.icoa.fr/pkidb/static/img/mol/Quizartinib.svg
Sapanisertib,CHEMBL3545097,Smiles=CC(C)n1c2c(c(n1)c3ccc4c(c3)nc(o4)N)c(ncn2)N,InChiKey=GYLDXIAOMVERTK-UHFFFAOYSA-N,0,309.1,2.4,121.7,8,2,2,Atypical,www.icoa.fr/pkidb/static/img/mol/Rabusertib.svg
Sapitinib,CHEMBL2408045,Smiles=CNC(=O)CN1CCC(CC1)Oc2cc3c(cc2OC)ncnc3Nc4cccc(c4F)Cl,InChiKey=DFJSJLGUIXFDJP-UHFFFAOYSA-N,0,473.2,3.8,88.6,7,2,7,Tyr,www.icoa.fr/pkidb/static/img/mol/Radotinib.svg
Saracatinib,CHEMBL217092,Smiles=CN1CCN(CC1)CCOc2cc3c(c(c2)OC4CCOCC4)c(ncn3)Nc5c(ccc6c5OCO6)Cl,InChiKey=OUKYUETWWIPKQR-UHFFFAOYSA-N,1,541.2,3.9,90.4,10,1,8,Tyr,www.icoa.fr/pkidb/static/img/mol/Ralimetinib.svg
Savolitinib,CHEMBL3334567,Smiles=C[C@@H](c1ccc2nccn2c1)n3c4c(ncc(n4)c5cnn(c5)C)nn3,InChiKey=XYDNMOZJKOGZLS-NSHDSACASA-N,0,345.1,1.9,91.6,9,0,3,Tyr,www.icoa.fr/pkidb/static/img/mol/Ravoxertinib.svg
Selatinib,CHEMBL3040548,Smiles=CS(=O)CCNCc1ccc(o1)c2ccc3c(c2)c(ncn3)Nc4ccc(c(c4)Cl)OCc5cccc(c5)F,InChiKey=OAMVGUFHZPRXOM-UHFFFAOYSA-N,2,564.1,6.5,89.3,7,2,11,Tyr,www.icoa.fr/pkidb/static/img/mol/Rebastinib.svg
Seliciclib,CHEMBL14762,Smiles=CC[C@H](CO)Nc1nc(NCc2ccccc2)c3ncn(C(C)C)c3n1,InChiKey=BTIHMVBBUGXLCJ-OAHLLOKOSA-N,0,354.2,3.2,87.9,7,3,8,CMGC,www.icoa.fr/pkidb/static/img/mol/Recilisib.svg
Selonsertib,CHEMBL3916717,Smiles=Cc1cc(c(cc1n2cc(nc2)C3CC3)C(=O)Nc4cccc(n4)c5nncn5C(C)C)F,InChiKey=YIDDLAAKOYYGJG-UHFFFAOYSA-N,0,445.2,4.7,90.5,7,1,6,STE,www.icoa.fr/pkidb/static/img/mol/Refametinib.svg
Selumetinib,CHEMBL1614701,Smiles=Cn1cnc2c1cc(c(c2F)Nc3ccc(cc3Cl)Br)C(=O)NOCCO,InChiKey=CYOHGALHFOKKQC-UHFFFAOYSA-N,0,456,3.5,88.4,6,3,6,STE,www.icoa.fr/pkidb/static/img/mol/Regorafenib.svg
Semaxanib,CHEMBL276711,Smiles=Cc1cc([nH]c1/C=C\2/c3ccccc3NC2=O)C,InChiKey=WUWDLXZGHZSWQZ-WQLSENKSSA-N,0,238.1,3.1,44.9,1,2,1,Tyr,www.icoa.fr/pkidb/static/img/mol/Ribociclib.svg
Silmitasertib,CHEMBL1230165,Smiles=c1cc(cc(c1)Cl)Nc2c3ccncc3c4ccc(cc4n2)C(=O)O,InChiKey=MUOKSQABCJCOPU-UHFFFAOYSA-N,0,349.1,4.9,75.1,4,2,3,Other,www.icoa.fr/pkidb/static/img/mol/Rigosertib.svg
Simotinib,CHEMBL3545235,Smiles=COc1cc2c(cc1OCCN3CC4(CC4)C5(C3)OCCO5)c(ncn2)Nc6ccc(c(c6)Cl)F,InChiKey=OXWUWXCJDBRCCG-UHFFFAOYSA-N,1,500.2,4.4,78,8,1,7,Tyr,www.icoa.fr/pkidb/static/img/mol/Ripasudil.svg
Sitravatinib,CHEMBL3989926,Smiles=COCCNCc1ccc(nc1)c2cc3c(s2)c(ccn3)Oc4ccc(cc4F)NC(=O)C5(CC5)C(=O)Nc6ccc(cc6)F,InChiKey=WLAVZAAODLTUSW-UHFFFAOYSA-N,2,629.2,6.5,114.5,8,3,12,Tyr,www.icoa.fr/pkidb/static/img/mol/Ripretinib.svg
Solcitinib,CHEMBL3301606,Smiles=CC1(CN(C1)C(=O)c2ccc(cc2)c3cccc4n3nc(n4)NC(=O)C5CC5)C,InChiKey=MPYACSQFXVMWNO-UHFFFAOYSA-N,0,389.2,3.2,79.6,5,1,4,Tyr,www.icoa.fr/pkidb/static/img/mol/Riviciclib.svg
Sonolisib,CHEMBL411907,Smiles=CC(=O)O[C@@H]1C[C@]2([C@@H](CCC2=O)C3=C1[C@]4([C@H](OC(=O)/C(=C/N(CC=C)CC=C)/C4=C(C3=O)O)COC)C)C,InChiKey=QIUASFSNWYMDFS-NILGECQDSA-N,1,525.2,3.1,119.4,9,1,8,Atypical,www.icoa.fr/pkidb/static/img/mol/Rivoceranib.svg
Sorafenib,CHEMBL1336,Smiles=CNC(=O)c1cc(ccn1)Oc2ccc(cc2)NC(=O)Nc3ccc(c(c3)C(F)(F)F)Cl,InChiKey=MLDQJTXFUGDVEO-UHFFFAOYSA-N,1,464.1,5.5,92.3,4,3,5,"TKL
Tyr",www.icoa.fr/pkidb/static/img/mol/Rociletinib.svg
Sotrastaurin,CHEMBL565612,Smiles=CN1CCN(CC1)c2nc3ccccc3c(n2)C4=C(C(=O)NC4=O)c5c[nH]c6c5cccc6,InChiKey=OAVGBZOFDPFGPJ-UHFFFAOYSA-N,0,438.2,2.4,94.2,6,2,3,,www.icoa.fr/pkidb/static/img/mol/Rogaratinib.svg
Spebrutinib,CHEMBL3301625,Smiles=COCCOc1ccc(cc1)Nc2ncc(c(n2)Nc3cccc(c3)NC(=O)C=C)F,InChiKey=KXBDTLQSDKGAEB-UHFFFAOYSA-N,0,423.2,4.3,97.4,7,3,10,Tyr,www.icoa.fr/pkidb/static/img/mol/Roniciclib.svg
Sunitinib,CHEMBL535,Smiles=CCN(CC)CCNC(=O)c1c(c([nH]c1C)/C=C\2/c3cc(ccc3NC2=O)F)C,InChiKey=WINHZLLDWRZWRT-ATVHPVEESA-N,0,398.2,3.3,77.2,3,3,7,Tyr,www.icoa.fr/pkidb/static/img/mol/Ruboxistaurin.svg
Tafetinib,CHEMBL2180602,Smiles=CCN(CC)CCNC(=O)c1c([nH]c\2c1CCC/C2=C/3\c4cc(ccc4NC3=O)F)C,InChiKey=KGSRYTUWXUESJK-FXBPSFAMSA-N,0,424.2,3.7,77.2,3,3,6,Tyr,www.icoa.fr/pkidb/static/img/mol/Ruxolitinib.svg
Talmapimod,CHEMBL514201,Smiles=C[C@@H]1CN([C@H](CN1C(=O)c2cc3c(cc2Cl)n(cc3C(=O)C(=O)N(C)C)C)C)Cc4ccc(cc4)F,InChiKey=ZMELOYOKMZBMRB-DLBZAZTESA-N,1,512.2,4,65.9,5,0,5,CMGC,www.icoa.fr/pkidb/static/img/mol/Samotolisib.svg
Tamatinib,CHEMBL475251,Smiles=CC1(C(=O)Nc2c(ccc(n2)Nc3c(cnc(n3)Nc4cc(c(c(c4)OC)OC)OC)F)O1)C,InChiKey=NHHQJBCNYHBUSI-UHFFFAOYSA-N,0,470.2,3.6,128.8,10,3,7,Tyr,www.icoa.fr/pkidb/static/img/mol/Sapanisertib.svg
Tandutinib,CHEMBL124660,Smiles=CC(C)Oc1ccc(cc1)NC(=O)N2CCN(CC2)c3c4cc(c(cc4ncn3)OCCCN5CCCCC5)OC,InChiKey=UXXQOJXBIDBUAC-UHFFFAOYSA-N,2,562.3,5,92.3,8,1,10,"(*)
Tyr",www.icoa.fr/pkidb/static/img/mol/Sapitinib.svg
Tanzisertib,CHEMBL1950289,Smiles=c1c(c(c(cc1F)F)Nc2n(c3nc(ncc3n2)N[C@H]4CC[C@@H](CC4)O)[C@@H]5COCC5)F,InChiKey=IBGLGMOPHJQDJB-IHRRRGAJSA-N,0,448.2,3.7,97.1,8,3,5,CMGC,www.icoa.fr/pkidb/static/img/mol/Saracatinib.svg
Taselisib,CHEMBL2387080,Smiles=Cc1nc(n(n1)C(C)C)c2cn3c(n2)-c4ccc(cc4OCC3)c5cnn(c5)C(C)(C)C(=O)N,InChiKey=BEUQXVWXFDOSAQ-UHFFFAOYSA-N,0,460.2,3.2,118.7,9,1,5,Atypical,www.icoa.fr/pkidb/static/img/mol/Savolitinib.svg
Telatinib,CHEMBL2079588,Smiles=CNC(=O)c1cc(ccn1)COc2c3c(cco3)c(nn2)Nc4ccc(cc4)Cl,InChiKey=QFCXANHHBCGMAS-UHFFFAOYSA-N,0,409.1,4,102.2,7,2,6,Tyr,www.icoa.fr/pkidb/static/img/mol/Selatinib.svg
Tepotinib,CHEMBL3402762,Smiles=CN1CCC(CC1)COc2cnc(nc2)c3cccc(c3)Cn4c(=O)ccc(n4)c5cccc(c5)C#N,InChiKey=AHYMHWXQRWRBKT-UHFFFAOYSA-N,0,492.2,4,96.9,8,0,7,Tyr,www.icoa.fr/pkidb/static/img/mol/Seliciclib.svg
Tesevatinib,CHEMBL3544983,Smiles=CN1C[C@H]2C[C@H](C[C@H]2C1)COc3cc4c(cc3OC)c(ncn4)Nc5ccc(c(c5F)Cl)Cl,InChiKey=HVXKQKFEHMGHSL-QKDCVEJESA-N,1,490.1,5.8,59.5,6,1,6,Tyr,www.icoa.fr/pkidb/static/img/mol/Selonsertib.svg
Tivantinib,CHEMBL2103882,Smiles=c1ccc2c(c1)c(c[nH]2)[C@H]3[C@@H](C(=O)NC3=O)c4cn5c6c4cccc6CCC5,InChiKey=UCEQXRCJXIVODC-PMACEKPBSA-N,0,369.1,3.6,66.9,3,2,2,Tyr,www.icoa.fr/pkidb/static/img/mol/Selumetinib.svg
Tivozanib,CHEMBL1289494,Smiles=Cc1cc(no1)NC(=O)Nc2ccc(cc2Cl)Oc3ccnc4c3cc(c(c4)OC)OC,InChiKey=SPMVMDHWKHCIDT-UHFFFAOYSA-N,1,454.1,5.6,107.7,7,2,6,Tyr,www.icoa.fr/pkidb/static/img/mol/Semaxanib.svg
Toceranib,CHEMBL13608,Smiles=Cc1c([nH]c(c1C(=O)NCCN2CCCC2)C)/C=C\3/c4cc(ccc4NC3=O)F,InChiKey=SRSGVKWWVXWSJT-ATVHPVEESA-N,0,396.2,3.1,77.2,3,3,5,KIT,www.icoa.fr/pkidb/static/img/mol/Silmitasertib.svg
Tofacitinib,CHEMBL221959,Smiles=C[C@@H]1CCN(C[C@@H]1N(C)c2c3cc[nH]c3ncn2)C(=O)CC#N,InChiKey=UJLAWZDWDVHWOW-YPMHNXCESA-N,0,312.2,1.5,88.9,5,1,3,Tyr,www.icoa.fr/pkidb/static/img/mol/Simotinib.svg
Tomivosertib,CHEMBL4073443,Smiles=Cc1cc(c(=O)n2c1C(=O)NC23CCCCC3)Nc4cc(ncn4)N,InChiKey=HKTBYUWLRDZAJK-UHFFFAOYSA-N,0,340.2,1.6,114.9,7,3,2,,www.icoa.fr/pkidb/static/img/mol/Sitravatinib.svg
Tozasertib,CHEMBL572878,Smiles=Cc1cc(n[nH]1)Nc2cc(nc(n2)Sc3ccc(cc3)NC(=O)C4CC4)N5CCN(CC5)C,InChiKey=GCIKSSRWRFVXBI-UHFFFAOYSA-N,0,464.2,3.5,102.1,8,3,7,Other,www.icoa.fr/pkidb/static/img/mol/Solcitinib.svg
Trametinib,CHEMBL2103875,Smiles=Cc1c2c(c(n(c1=O)C)Nc3ccc(cc3F)I)c(=O)n(c(=O)n2c4cccc(c4)NC(=O)C)C5CC5,InChiKey=LIRYPHYGHXZJBZ-UHFFFAOYSA-N,1,615.1,3.9,107.1,8,2,5,"TKL
STE",www.icoa.fr/pkidb/static/img/mol/Sonolisib.svg
Trilaciclib,CHEMBL3894860,Smiles=CN1CCN(CC1)c2ccc(nc2)Nc3ncc4cc5n(c4n3)C6(CCCCC6)CNC5=O,InChiKey=PDGKHKMBHVFCMG-UHFFFAOYSA-N,0,446.3,2.7,91.2,8,2,3,CMGC,www.icoa.fr/pkidb/static/img/mol/Sorafenib.svg
Tucatinib,CHEMBL3989868,Smiles=Cc1cc(ccc1Oc2ccn3c(c2)ncn3)Nc4c5cc(ccc5ncn4)NC6=NC(CO6)(C)C,InChiKey=SDEAXTCZPQIFQM-UHFFFAOYSA-N,1,480.2,5.1,110.9,10,2,5,Tyr,www.icoa.fr/pkidb/static/img/mol/Sotrastaurin.svg
Ulixertinib,CHEMBL3590106,Smiles=CC(C)Nc1cc(c(cn1)Cl)c2cc([nH]c2)C(=O)N[C@H](CO)c3cccc(c3)Cl,InChiKey=KSERXGMCDHOLSS-LJQANCHMSA-N,0,432.1,4.7,90,4,4,7,CMGC,www.icoa.fr/pkidb/static/img/mol/Spebrutinib.svg
Umbralisib,CHEMBL3948730,Smiles=C[C@@H](c1c(c(=O)c2cc(ccc2o1)F)c3cccc(c3)F)n4c5c(c(n4)c6ccc(c(c6)F)OC(C)C)c(ncn5)N,InChiKey=IUVCFHHAEHNCFT-INIZCTEOSA-N,2,571.2,6.7,109.1,8,1,6,,www.icoa.fr/pkidb/static/img/mol/Sunitinib.svg
Upadacitinib,CHEMBL3622821,Smiles=CC[C@@H]1CN(C[C@@H]1c2cnc3n2c4cc[nH]c4nc3)C(=O)NCC(F)(F)F,InChiKey=WYQFJHHDOKWSHR-MNOVXSKESA-N,0,380.2,2.9,78.3,4,2,3,Tyr,www.icoa.fr/pkidb/static/img/mol/Tafetinib.svg
Uprosertib,CHEMBL3137336,Smiles=Cn1c(c(cn1)Cl)c2cc(oc2Cl)C(=O)N[C@@H](Cc3ccc(c(c3)F)F)CN,InChiKey=AXTAPYRUEKNRBA-JTQLQIEISA-N,0,428.1,3.6,86.1,5,2,6,AGC,www.icoa.fr/pkidb/static/img/mol/Talmapimod.svg
Vactosertib,CHEMBL3260567,Smiles=Cc1cccc(n1)c2c(nc([nH]2)CNc3ccccc3F)c4ccc5ncnn5c4,InChiKey=FJCDSQATIJKQKA-UHFFFAOYSA-N,0,399.2,4.2,83.8,6,2,5,,www.icoa.fr/pkidb/static/img/mol/Tamatinib.svg
Vandetanib,CHEMBL24828,Smiles=CN1CCC(CC1)COc2cc3c(cc2OC)c(ncn3)Nc4ccc(cc4F)Br,InChiKey=UHTHHESEBZOYNR-UHFFFAOYSA-N,1,474.1,5,59.5,6,1,6,"(*)
Tyr",www.icoa.fr/pkidb/static/img/mol/Tandutinib.svg
Varlitinib,CHEMBL2103842,Smiles=C[C@@H]1COC(=N1)Nc2ccc3c(c2)c(ncn3)Nc4ccc(c(c4)Cl)OCc5nccs5,InChiKey=UWXSAYUXVSFDBQ-CYBMUJFWSA-N,1,466.1,5.2,93.5,9,2,6,Tyr,www.icoa.fr/pkidb/static/img/mol/Tanzisertib.svg
Vatalanib,CHEMBL101253,Smiles=c1ccc2c(c1)c(nnc2Nc3ccc(cc3)Cl)Cc4ccncc4,InChiKey=YCOYDOIWSSHVCK-UHFFFAOYSA-N,1,346.1,5,50.7,4,1,4,Tyr,www.icoa.fr/pkidb/static/img/mol/Tarloxotinib.svg
Vemurafenib,CHEMBL1229517,Smiles=CCCS(=O)(=O)Nc1ccc(c(c1F)C(=O)c2c[nH]c3c2cc(cn3)c4ccc(cc4)Cl)F,InChiKey=GPXBXXGIAQBQNI-UHFFFAOYSA-N,1,489.1,5.5,91.9,4,2,7,TKL,www.icoa.fr/pkidb/static/img/mol/Taselisib.svg
Verosudil,CHEMBL3545065,Smiles=CN(C)C(c1ccsc1)C(=O)Nc2ccc3c(c2)cc[nH]c3=O,InChiKey=VDYRZXYYQMMFJW-UHFFFAOYSA-N,0,327.1,2.8,65.2,4,2,4,,www.icoa.fr/pkidb/static/img/mol/Telatinib.svg
Vistusertib,CHEMBL2336325,Smiles=C[C@H]1COCCN1c2c3ccc(nc3nc(n2)N4CCOC[C@@H]4C)c5cccc(c5)C(=O)NC,InChiKey=JUSFANSTBFGBAF-IRXDYDNUSA-N,0,462.2,2.5,92.7,8,1,4,Atypical,www.icoa.fr/pkidb/static/img/mol/Tepotinib.svg
Volasertib,CHEMBL1233528,Smiles=CC[C@H]1N(c2nc(ncc2N(C1=O)C)Nc3c(cc(cc3)C(=O)N[C@H]4CC[C@@H](CC4)N5CCN(CC5)CC6CC6)OC)C(C)C,InChiKey=SXNJFOWDRLKDSF-STROYTFGSA-N,1,618.4,4.3,106.2,9,2,10,Other,www.icoa.fr/pkidb/static/img/mol/Tesevatinib.svg
Voruciclib,CHEMBL3905910,Smiles=CN1CC[C@H]([C@@H]1CO)c2c(cc(c3c2oc(cc3=O)c4ccc(cc4Cl)C(F)(F)F)O)O,InChiKey=MRPGRAKIAJJGMM-OCCSQVGLSA-N,0,469.1,4.3,94.1,6,3,3,CMGC,www.icoa.fr/pkidb/static/img/mol/Tivantinib.svg
Voxtalisib,CHEMBL3545366,Smiles=CCn1c2c(cc(c1=O)c3ccn[nH]3)c(nc(n2)N)C,InChiKey=RGHYDLZMTYDBDT-UHFFFAOYSA-N,0,270.1,1.1,102.5,6,2,2,Atypical,www.icoa.fr/pkidb/static/img/mol/Tivozanib.svg
Zanubrutinib,CHEMBL3973435,Smiles=C=CC(=O)N1CCC(CC1)C2CCNc3n2nc(c3C(=O)N)c4ccc(cc4)Oc5ccccc5,InChiKey=RNOAOAWBMHREKO-UHFFFAOYSA-N,0,471.2,4.2,102.5,6,2,6,,www.icoa.fr/pkidb/static/img/mol/Toceranib.svg